203524,solomon,hill,201967,dante,cunningham,203076,anthony,davis,202734,e'twaun,moore,204025,tim,frazier,201600,omer,asik,202362,lance,stephenson,1627741,buddy,hield,204038,langston,galloway,201582,alexis,ajinca
203507,giannis,antetokounmpo,203953,jabari,parker,203101,miles,plumlee,203503,tony,snell,203521,matthew,dellavedova,203141,mirza,teletovic,202328,greg,monroe,1627763,malcolm,brogdon,1626173,rashad,vaughn,201563,michael,beasley,203089,john,henson
Start of 1st Quarter
12:00,0-0,NOP,203076,anthony,davis,Jump Ball Davis vs Plumlee (Parker gains possession)
11:48,0-0,MIL,203101,miles,plumlee,[MIL] Plumlee Turnover : Lost Ball (1 TO) Steal:Davis (1 ST)
11:26,2-0,NOP,204025,tim,frazier,[NOP 2-0] Frazier Pullup Jump shot: Made (2 PTS)
11:10,2-0,MIL,203953,jabari,parker,[MIL] Parker Jump Shot: Missed
11:10,2-0,NOP,203076,anthony,davis,[NOP] Davis Rebound (Off:0 Def:1)
10:51,5-0,NOP,203524,solomon,hill,[NOP 5-0] S Hill 3pt Shot: Made (3 PTS) Assist: Moore (1 AST)
10:39,5-3,MIL,203503,tony,snell,[MIL 3-5] Snell 3pt Shot: Made (3 PTS) Assist: Antetokounmpo (1 AST)
10:17,5-3,NOP,202734,e'twaun,moore,[NOP] Moore 3pt Shot: Missed
10:16,5-3,MIL,203507,giannis,antetokounmpo,[MIL] Antetokounmpo Rebound (Off:0 Def:1)
10:05,5-3,NOP,201967,dante,cunningham,[NOP] Cunningham Foul: Shooting (1 PF) (2 FTA) (T Ford)
10:05,5-4,MIL,203101,miles,plumlee,[MIL 4-5] Plumlee Free Throw 1 of 2 (1 PTS)
10:05,5-5,MIL,203101,miles,plumlee,[MIL 5-5] Plumlee Free Throw 2 of 2 (2 PTS)
09:41,5-5,NOP,203076,anthony,davis,[NOP] Davis Jump Shot: Missed
09:40,5-5,MIL,203503,tony,snell,[MIL] Snell Rebound (Off:0 Def:1)
09:30,5-5,MIL,203101,miles,plumlee,[MIL] Plumlee Hook Shot: Missed
09:30,5-5,MIL,,,,[MIL] Team Rebound
09:29,5-5,MIL,203507,giannis,antetokounmpo,[MIL] Antetokounmpo Turnover : Bad Pass (1 TO) Steal:Davis (2 ST)
09:22,5-5,MIL,203101,miles,plumlee,[MIL] Plumlee Foul: Shooting (1 PF) (2 FTA) (B Forte)
09:22,6-5,NOP,203076,anthony,davis,[NOP 6-5] Davis Free Throw 1 of 2 (1 PTS)
09:22,7-5,NOP,203076,anthony,davis,[NOP 7-5] Davis Free Throw 2 of 2 (2 PTS)
09:05,7-5,MIL,203953,jabari,parker,[MIL] Parker Turnover : Lost Ball (1 TO) Steal:S Hill (1 ST)
08:52,7-5,NOP,201967,dante,cunningham,[NOP] Cunningham Jump Shot: Missed
08:51,7-5,MIL,203101,miles,plumlee,[MIL] Plumlee Rebound (Off:0 Def:1)
08:36,7-7,MIL,203507,giannis,antetokounmpo,[MIL 7-7] Antetokounmpo Driving Layup Shot: Made (2 PTS)
08:23,7-7,NOP,202734,e'twaun,moore,[NOP] Moore Jump Shot: Missed
08:22,7-7,MIL,203503,tony,snell,[MIL] Snell Rebound (Off:0 Def:2)
08:09,7-7,MIL,203521,matthew,dellavedova,[MIL] Dellavedova Layup Shot: Missed Block: Davis (1 BLK)
08:07,7-7,NOP,203076,anthony,davis,[NOP] Davis Rebound (Off:0 Def:2)
08:06,9-7,NOP,203076,anthony,davis,[NOP 9-7] Davis Layup Shot: Made (4 PTS)
08:06,9-7,MIL,203503,tony,snell,[MIL] Snell Foul: Shooting (1 PF) (1 FTA) (S Foster)
08:06,10-7,NOP,203076,anthony,davis,[NOP 10-7] Davis Free Throw 1 of 1 (5 PTS)
07:53,10-7,MIL,203507,giannis,antetokounmpo,[MIL] Antetokounmpo 3pt Shot: Missed
07:52,10-7,NOP,204025,tim,frazier,[NOP] Frazier Rebound (Off:0 Def:1)
07:42,10-7,NOP,201967,dante,cunningham,[NOP] Cunningham Dunk Shot: Missed Block: Plumlee (1 BLK)
07:39,10-7,NOP,201967,dante,cunningham,[NOP] Cunningham Rebound (Off:1 Def:0)
07:38,13-7,NOP,203524,solomon,hill,[NOP 13-7] S Hill 3pt Shot: Made (6 PTS) Assist: Cunningham (1 AST)
07:24,13-9,MIL,203953,jabari,parker,[MIL 9-13] Parker Driving Dunk Shot: Made (2 PTS) Assist: Antetokounmpo (2 AST)
07:10,13-9,MIL,203503,tony,snell,[MIL] Snell Foul: Defense 3 Second (1 PF) (B Forte)
07:10,14-9,NOP,203076,anthony,davis,[NOP 14-9] Davis Free Throw Technical (6 PTS)
07:10,14-9,MIL,203507,giannis,antetokounmpo,[MIL] Antetokounmpo Substitution replaced by Teletovic
07:03,17-9,NOP,202734,e'twaun,moore,[NOP 17-9] Moore 3pt Shot: Made (3 PTS) Assist: S Hill (1 AST)
07:01,17-9,MIL,,,,[MIL] Team Timeout : Regular
07:00,17-9,MIL,203101,miles,plumlee,[MIL] Plumlee Substitution replaced by Monroe
06:51,17-11,MIL,203503,tony,snell,[MIL 11-17] Snell Driving Dunk Shot: Made (5 PTS)
06:33,17-11,NOP,203076,anthony,davis,[NOP] Davis Jump Shot: Missed
06:32,17-11,MIL,203521,matthew,dellavedova,[MIL] Dellavedova Rebound (Off:0 Def:1)
06:15,17-11,MIL,203141,mirza,teletovic,[MIL] Teletovic 3pt Shot: Missed
06:14,17-11,NOP,203524,solomon,hill,[NOP] S Hill Rebound (Off:0 Def:1)
06:02,20-11,NOP,201967,dante,cunningham,[NOP 20-11] Cunningham 3pt Shot: Made (3 PTS) Assist: Davis (1 AST)
05:44,20-13,MIL,203953,jabari,parker,[MIL 13-20] Parker Reverse Layup Shot: Made (4 PTS) Assist: Monroe (1 AST)
05:25,20-13,NOP,202734,e'twaun,moore,[NOP] Moore 3pt Shot: Missed
05:24,20-13,MIL,202328,greg,monroe,[MIL] Monroe Rebound (Off:0 Def:1)
05:17,20-13,MIL,203503,tony,snell,[MIL] Snell 3pt Shot: Missed
05:15,20-13,MIL,203503,tony,snell,[MIL] Snell Rebound (Off:1 Def:2)
05:10,20-15,MIL,203503,tony,snell,[MIL 15-20] Snell Jump Shot: Made (7 PTS)
04:54,20-15,NOP,204025,tim,frazier,[NOP] Frazier Jump Shot: Missed
04:53,20-15,MIL,203521,matthew,dellavedova,[MIL] Dellavedova Rebound (Off:0 Def:2)
04:34,20-17,MIL,202328,greg,monroe,[MIL 17-20] Monroe Driving Hook Shot: Made (2 PTS)
04:31,20-17,NOP,,,,[NOP] Team Timeout : Regular
04:31,20-17,MIL,203503,tony,snell,[MIL] Snell Substitution replaced by Brogdon
04:31,20-17,MIL,203521,matthew,dellavedova,[MIL] Dellavedova Substitution replaced by Vaughn
04:31,20-17,NOP,201967,dante,cunningham,[NOP] Cunningham Substitution replaced by Asik
04:21,23-17,NOP,204025,tim,frazier,[NOP 23-17] Frazier 3pt Shot: Made (5 PTS) Assist: Moore (2 AST)
04:06,23-17,NOP,201600,omer,asik,[NOP] Asik Foul: Shooting (1 PF) (2 FTA) (S Foster)
04:06,23-18,MIL,202328,greg,monroe,[MIL 18-23] Monroe Free Throw 1 of 2 (3 PTS)
04:06,23-18,MIL,203953,jabari,parker,[MIL] Parker Substitution replaced by Antetokounmpo
04:06,23-19,MIL,202328,greg,monroe,[MIL 19-23] Monroe Free Throw 2 of 2 (4 PTS)
03:47,25-19,NOP,202734,e'twaun,moore,[NOP 25-19] Moore Layup Shot: Made (5 PTS) Assist: Frazier (1 AST)
03:32,25-22,MIL,203141,mirza,teletovic,[MIL 22-25] Teletovic 3pt Shot: Made (3 PTS) Assist: Antetokounmpo (3 AST)
03:25,25-22,MIL,1627763,malcolm,brogdon,[MIL] Brogdon Foul: Personal (1 PF) (S Foster)
03:21,25-22,NOP,202734,e'twaun,moore,[NOP] Moore Layup Shot: Missed Block: Monroe (1 BLK)
03:21,25-22,MIL,203507,giannis,antetokounmpo,[MIL] Antetokounmpo Rebound (Off:0 Def:2)
03:13,25-24,MIL,203507,giannis,antetokounmpo,[MIL 24-25] Antetokounmpo Cutting Layup Shot: Made (4 PTS) Assist: Brogdon (1 AST)
02:53,25-24,MIL,202328,greg,monroe,[MIL] Monroe Foul: Shooting (1 PF) (2 FTA) (B Forte)
02:53,26-24,NOP,201600,omer,asik,[NOP 26-24] Asik Free Throw 1 of 2 (1 PTS)
02:53,26-24,NOP,202734,e'twaun,moore,[NOP] Moore Substitution replaced by Stephenson
02:53,26-24,NOP,204025,tim,frazier,[NOP] Frazier Substitution replaced by Hield
02:53,27-24,NOP,201600,omer,asik,[NOP 27-24] Asik Free Throw 2 of 2 (2 PTS)
02:44,27-24,MIL,1627763,malcolm,brogdon,[MIL] Brogdon Layup Shot: Missed
02:43,27-24,MIL,202328,greg,monroe,[MIL] Monroe Rebound (Off:1 Def:1)
02:42,27-24,MIL,202328,greg,monroe,[MIL] Monroe Hook Shot: Missed
02:41,27-24,MIL,202328,greg,monroe,[MIL] Monroe Rebound (Off:2 Def:1)
02:36,27-27,MIL,1626173,rashad,vaughn,[MIL 27-27] Vaughn 3pt Shot: Made (3 PTS) Assist: Monroe (2 AST)
02:25,27-27,NOP,203076,anthony,davis,[NOP] Davis Layup Shot: Missed
02:25,27-27,NOP,201600,omer,asik,[NOP] Asik Rebound (Off:1 Def:0)
02:23,27-27,NOP,201600,omer,asik,[NOP] Asik Tip Layup Shot: Missed
02:23,27-27,NOP,201600,omer,asik,[NOP] Asik Rebound (Off:2 Def:0)
02:23,27-27,MIL,203507,giannis,antetokounmpo,[MIL] Antetokounmpo Foul: Shooting (1 PF) (2 FTA) (S Foster)
02:23,27-27,NOP,201600,omer,asik,[NOP] Asik Free Throw 1 of 2 Missed
02:23,27-27,NOP,,,,[NOP] Team Rebound
02:23,28-27,NOP,201600,omer,asik,[NOP 28-27] Asik Free Throw 2 of 2 (3 PTS)
02:13,28-27,MIL,203141,mirza,teletovic,[MIL] Teletovic 3pt Shot: Missed
02:12,28-27,NOP,201600,omer,asik,[NOP] Asik Rebound (Off:2 Def:1)
01:52,28-27,NOP,202362,lance,stephenson,[NOP] Stephenson Jump Shot: Missed
01:50,28-27,NOP,203076,anthony,davis,[NOP] Davis Rebound (Off:1 Def:2)
01:49,28-27,NOP,203076,anthony,davis,[NOP] Davis 3pt Shot: Missed Block: Antetokounmpo (1 BLK)
01:48,28-27,MIL,203507,giannis,antetokounmpo,[MIL] Antetokounmpo Rebound (Off:0 Def:3)
01:42,28-27,MIL,203141,mirza,teletovic,[MIL] Teletovic 3pt Shot: Missed
01:36,28-27,NOP,202362,lance,stephenson,[NOP] Stephenson Rebound (Off:0 Def:1)
01:31,28-27,NOP,203524,solomon,hill,[NOP] S Hill Layup Shot: Missed
01:29,28-27,MIL,202328,greg,monroe,[MIL] Monroe Rebound (Off:2 Def:2)
01:15,28-27,MIL,203141,mirza,teletovic,[MIL] Teletovic 3pt Shot: Missed
01:14,28-27,NOP,201600,omer,asik,[NOP] Asik Rebound (Off:2 Def:2)
01:07,28-27,NOP,1627741,buddy,hield,[NOP] Hield 3pt Shot: Missed
01:06,28-27,NOP,203076,anthony,davis,[NOP] Davis Rebound (Off:2 Def:2)
01:03,30-27,NOP,203076,anthony,davis,[NOP 30-27] Davis Layup Shot: Made (8 PTS)
00:47.9,30-29,MIL,1627763,malcolm,brogdon,[MIL 29-30] Brogdon Cutting Layup Shot: Made (2 PTS) Assist: Monroe (3 AST)
00:36.2,30-29,MIL,202328,greg,monroe,[MIL] Monroe Foul: Shooting (2 PF) (2 FTA) (T Ford)
00:36.2,31-29,NOP,203076,anthony,davis,[NOP 31-29] Davis Free Throw 1 of 2 (9 PTS)
00:36.2,31-29,MIL,202328,greg,monroe,[MIL] Monroe Substitution replaced by Beasley
00:36.2,31-29,MIL,203141,mirza,teletovic,[MIL] Teletovic Substitution replaced by Henson
00:36.2,32-29,NOP,203076,anthony,davis,[NOP 32-29] Davis Free Throw 2 of 2 (10 PTS)
00:31.1,32-29,MIL,1627763,malcolm,brogdon,[MIL] Brogdon Turnover : Traveling (1 TO)
00:31.1,32-29,NOP,203076,anthony,davis,[NOP] Davis Substitution replaced by Cunningham
00:18.2,32-29,NOP,201967,dante,cunningham,[NOP] Cunningham Layup Shot: Missed
00:17.6,32-29,MIL,203507,giannis,antetokounmpo,[MIL] Antetokounmpo Rebound (Off:0 Def:4)
00:01.9,32-29,MIL,203507,giannis,antetokounmpo,[MIL] Antetokounmpo Jump Shot: Missed
00:00.9,32-29,NOP,201600,omer,asik,[NOP] Asik Rebound (Off:2 Def:3)
End of 1st Quarter
Start of 2nd Quarter
11:44,32-29,NOP,202362,lance,stephenson,[NOP] Stephenson Jump Shot: Missed
11:43,32-29,MIL,203089,john,henson,[MIL] Henson Rebound (Off:0 Def:1)
11:34,32-31,MIL,203507,giannis,antetokounmpo,[MIL 31-32] Antetokounmpo Hook Shot: Made (6 PTS)
11:13,34-31,NOP,1627741,buddy,hield,[NOP 34-31] Hield Driving Layup Shot: Made (2 PTS)
10:59,34-33,MIL,201563,michael,beasley,[MIL 33-34] Beasley Driving Layup Shot: Made (2 PTS)
10:47,34-33,MIL,203089,john,henson,[MIL] Henson Foul: Defense 3 Second (0 PF) (T Ford)
10:47,35-33,NOP,1627741,buddy,hield,[NOP 35-33] Hield Free Throw Technical (3 PTS)
10:40,35-33,NOP,1627741,buddy,hield,[NOP] Hield Layup Shot: Missed
10:40,35-33,MIL,201563,michael,beasley,[MIL] Beasley Rebound (Off:0 Def:1)
10:31,35-35,MIL,201563,michael,beasley,[MIL 35-35] Beasley Driving Layup Shot: Made (4 PTS)
10:07,37-35,NOP,201582,alexis,ajinca,[NOP 37-35] Ajinca Jump Shot: Made (2 PTS) Assist: Stephenson (1 AST)
09:43,37-35,MIL,201563,michael,beasley,[MIL] Beasley Turnover : Lost Ball (1 TO) Steal:Hield (1 ST)
09:40,39-35,NOP,1627741,buddy,hield,[NOP 39-35] Hield Dunk Shot: Made (5 PTS)
09:17,39-35,MIL,203507,giannis,antetokounmpo,[MIL] Antetokounmpo Jump Shot: Missed
09:16,39-35,NOP,202362,lance,stephenson,[NOP] Stephenson Rebound (Off:0 Def:2)
09:10,41-35,NOP,202362,lance,stephenson,[NOP 41-35] Stephenson Layup Shot: Made (2 PTS)
09:09,41-35,MIL,,,,[MIL] Team Timeout : Regular
08:57,41-35,MIL,203089,john,henson,[MIL] Henson Turnover : Lost Ball (1 TO) Steal:Ajinca (1 ST)
08:52,41-35,NOP,1627741,buddy,hield,[NOP] Hield Turnover : Lost Ball (1 TO) Steal:Henson (1 ST)
08:46,41-37,MIL,1626173,rashad,vaughn,[MIL 37-41] Vaughn Layup Shot: Made (5 PTS)
08:33,41-37,NOP,202362,lance,stephenson,[NOP] Stephenson Turnover : Bad Pass (1 TO) Steal:Vaughn (1 ST)
08:27,41-37,MIL,1627763,malcolm,brogdon,[MIL] Brogdon 3pt Shot: Missed
08:26,41-37,MIL,203507,giannis,antetokounmpo,[MIL] Antetokounmpo Rebound (Off:1 Def:4)
08:26,41-37,NOP,201582,alexis,ajinca,[NOP] Ajinca Foul: Shooting (1 PF) (2 FTA) (S Foster)
08:26,41-38,MIL,203507,giannis,antetokounmpo,[MIL 38-41] Antetokounmpo Free Throw 1 of 2 (7 PTS)
08:26,41-39,MIL,203507,giannis,antetokounmpo,[MIL 39-41] Antetokounmpo Free Throw 2 of 2 (8 PTS)
08:08,41-39,NOP,202362,lance,stephenson,[NOP] Stephenson Turnover : Lost Ball (2 TO) Steal:Antetokounmpo (1 ST)
08:03,41-41,MIL,201563,michael,beasley,[MIL 41-41] Beasley Dunk Shot: Made (6 PTS) Assist: Antetokounmpo (4 AST)
07:53,41-41,NOP,1627741,buddy,hield,[NOP] Hield 3pt Shot: Missed
07:53,41-41,NOP,,,,[NOP] Team Rebound
07:53,41-41,MIL,203089,john,henson,[MIL] Henson Foul: Loose Ball (1 PF) (S Foster)
07:53,41-41,MIL,1626173,rashad,vaughn,[MIL] Vaughn Substitution replaced by Snell
07:47,41-41,NOP,201582,alexis,ajinca,[NOP] Ajinca Jump Shot: Missed
07:46,41-41,MIL,203089,john,henson,[MIL] Henson Rebound (Off:0 Def:2)
07:41,41-41,MIL,1627763,malcolm,brogdon,[MIL] Brogdon Jump Shot: Missed
07:40,41-41,MIL,1627763,malcolm,brogdon,[MIL] Brogdon Rebound (Off:1 Def:0)
07:31,41-41,MIL,203503,tony,snell,[MIL] Snell 3pt Shot: Missed
07:31,41-41,MIL,203089,john,henson,[MIL] Henson Rebound (Off:1 Def:2)
07:21,41-41,MIL,203503,tony,snell,[MIL] Snell 3pt Shot: Missed
07:20,41-41,NOP,204038,langston,galloway,[NOP] Galloway Rebound (Off:0 Def:1)
07:16,41-41,NOP,1627741,buddy,hield,[NOP] Hield Turnover : Step Out of Bounds Turnover (2 TO)
07:16,41-41,MIL,203507,giannis,antetokounmpo,[MIL] Antetokounmpo Substitution replaced by Parker
07:06,41-41,MIL,201563,michael,beasley,[MIL] Beasley Jump Shot: Missed
07:05,41-41,NOP,201967,dante,cunningham,[NOP] Cunningham Rebound (Off:1 Def:1)
06:48,41-41,NOP,1627741,buddy,hield,[NOP] Hield 3pt Shot: Missed
06:47,41-41,NOP,201582,alexis,ajinca,[NOP] Ajinca Rebound (Off:1 Def:0)
06:41,41-41,NOP,1627741,buddy,hield,[NOP] Hield Turnover : Bad Pass (3 TO) Steal:Brogdon (1 ST)
06:30,41-41,MIL,203953,jabari,parker,[MIL] Parker Jump Shot: Missed
06:29,41-41,NOP,201582,alexis,ajinca,[NOP] Ajinca Rebound (Off:1 Def:1)
06:23,41-41,NOP,1627741,buddy,hield,[NOP] Hield 3pt Shot: Missed
06:22,41-41,MIL,203503,tony,snell,[MIL] Snell Rebound (Off:1 Def:3)
06:06,41-43,MIL,1627763,malcolm,brogdon,[MIL 43-41] Brogdon Fadeaway Bank shot: Made (4 PTS)
05:59,41-43,NOP,,,,[NOP] Team Timeout : Regular
05:59,41-43,MIL,201563,michael,beasley,[MIL] Beasley Substitution replaced by Dellavedova
05:59,41-43,NOP,201582,alexis,ajinca,[NOP] Ajinca Substitution replaced by Davis
05:59,41-43,NOP,1627741,buddy,hield,[NOP] Hield Substitution replaced by Frazier
05:59,41-43,NOP,204038,langston,galloway,[NOP] Galloway Substitution replaced by Moore
05:53,41-43,NOP,203076,anthony,davis,[NOP] Davis Alley Oop Dunk Shot: Missed
05:51,41-43,MIL,203503,tony,snell,[MIL] Snell Rebound (Off:1 Def:4)
05:32,41-43,MIL,203503,tony,snell,[MIL] Snell Turnover : Bad Pass (1 TO) Steal:Frazier (1 ST)
05:25,43-43,NOP,203076,anthony,davis,[NOP 43-43] Davis Alley Oop Dunk Shot: Made (12 PTS) Assist: Stephenson (2 AST)
05:08,43-46,MIL,203521,matthew,dellavedova,[MIL 46-43] Dellavedova 3pt Shot: Made (3 PTS) Assist: Snell (1 AST)
04:56,43-46,NOP,202362,lance,stephenson,[NOP] Stephenson Substitution replaced by S Hill
04:56,43-46,NOP,204025,tim,frazier,Jump Ball Frazier vs Brogdon (Parker gains possession)
04:56,43-46,NOP,204025,tim,frazier,[NOP] Frazier Turnover : Lost Ball (1 TO) Steal:Brogdon (2 ST)
04:50,43-46,MIL,203953,jabari,parker,[MIL] Parker Jump Shot: Missed
04:49,43-46,NOP,203076,anthony,davis,[NOP] Davis Rebound (Off:2 Def:3)
04:39,43-46,MIL,203089,john,henson,[MIL] Henson Foul: Shooting Block (2 PF) (2 FTA) (S Foster)
04:39,44-46,NOP,203524,solomon,hill,[NOP 44-46] S Hill Free Throw 1 of 2 (7 PTS)
04:39,44-46,MIL,203089,john,henson,[MIL] Henson Substitution replaced by Plumlee
04:39,45-46,NOP,203524,solomon,hill,[NOP 45-46] S Hill Free Throw 2 of 2 (8 PTS)
04:29,45-48,MIL,203953,jabari,parker,[MIL 48-45] Parker Layup Shot: Made (6 PTS) Assist: Brogdon (2 AST)
04:20,45-48,NOP,201967,dante,cunningham,[NOP] Cunningham Jump Shot: Missed
04:19,45-48,MIL,203503,tony,snell,[MIL] Snell Rebound (Off:1 Def:5)
04:09,45-51,MIL,203503,tony,snell,[MIL 51-45] Snell 3pt Shot: Made (10 PTS) Assist: Brogdon (3 AST)
03:52,47-51,NOP,203524,solomon,hill,[NOP 47-51] S Hill Layup Shot: Made (10 PTS) Assist: Frazier (2 AST)
03:41,47-51,MIL,1627763,malcolm,brogdon,[MIL] Brogdon Substitution replaced by Antetokounmpo
03:29,47-51,MIL,203521,matthew,dellavedova,[MIL] Dellavedova 3pt Shot: Missed
03:29,47-51,NOP,201967,dante,cunningham,[NOP] Cunningham Rebound (Off:1 Def:2)
03:13,49-51,NOP,204025,tim,frazier,[NOP 49-51] Frazier Driving Layup Shot: Made (7 PTS)
03:01,49-51,NOP,203524,solomon,hill,[NOP] S Hill Foul: Shooting Block (1 PF) (2 FTA) (S Foster)
03:01,49-52,MIL,203953,jabari,parker,[MIL 52-49] Parker Free Throw 1 of 2 (7 PTS)
03:01,49-53,MIL,203953,jabari,parker,[MIL 53-49] Parker Free Throw 2 of 2 (8 PTS)
02:52,49-53,MIL,203101,miles,plumlee,[MIL] Plumlee Foul: Shooting (2 PF) (2 FTA) (T Ford)
Official Timeout
02:52,50-53,NOP,203076,anthony,davis,[NOP 50-53] Davis Free Throw 1 of 2 (13 PTS)
02:52,50-53,NOP,203076,anthony,davis,[NOP] Davis Free Throw 2 of 2 Missed
02:51,50-53,MIL,203953,jabari,parker,[MIL] Parker Rebound (Off:0 Def:1)
02:37,50-53,MIL,203953,jabari,parker,[MIL] Parker Jump Shot: Missed
02:36,50-53,NOP,203076,anthony,davis,[NOP] Davis Rebound (Off:2 Def:4)
02:26,52-53,NOP,203524,solomon,hill,[NOP 52-53] S Hill Driving Layup Shot: Made (12 PTS)
02:09,52-53,MIL,203503,tony,snell,[MIL] Snell Jump Shot: Missed
02:08,52-53,NOP,203524,solomon,hill,[NOP] S Hill Rebound (Off:0 Def:2)
02:00,52-53,NOP,203076,anthony,davis,[NOP] Davis Jump Shot: Missed
01:58,52-53,MIL,203503,tony,snell,[MIL] Snell Rebound (Off:1 Def:6)
01:53,52-53,MIL,203507,giannis,antetokounmpo,[MIL] Antetokounmpo Layup Shot: Missed
01:52,52-53,NOP,203076,anthony,davis,[NOP] Davis Rebound (Off:2 Def:5)
01:45,52-53,NOP,201967,dante,cunningham,[NOP] Cunningham 3pt Shot: Missed
01:42,52-53,MIL,203521,matthew,dellavedova,[MIL] Dellavedova Rebound (Off:0 Def:3)
01:36,52-55,MIL,203953,jabari,parker,[MIL 55-52] Parker Dunk Shot: Made (10 PTS) Assist: Dellavedova (1 AST)
01:23,52-55,MIL,203521,matthew,dellavedova,[MIL] Dellavedova Foul: Personal (1 PF) (B Forte)
01:08,52-55,NOP,204025,tim,frazier,[NOP] Frazier Jump Shot: Missed
01:06,52-55,MIL,203101,miles,plumlee,[MIL] Plumlee Rebound (Off:0 Def:2)
00:58.4,52-58,MIL,203521,matthew,dellavedova,[MIL 58-52] Dellavedova 3pt Shot: Made (6 PTS) Assist: Antetokounmpo (5 AST)
00:47.4,52-58,NOP,203076,anthony,davis,[NOP] Davis Foul: Offensive (1 PF) (T Ford)
00:47.4,52-58,NOP,203076,anthony,davis,[NOP] Davis Turnover : Foul (1 TO)
00:47.4,52-58,NOP,203076,anthony,davis,[NOP] Davis Technical (T Ford)
00:47.4,52-59,MIL,203521,matthew,dellavedova,[MIL 59-52] Dellavedova Free Throw Technical (7 PTS)
00:34.4,52-61,MIL,203521,matthew,dellavedova,[MIL 61-52] Dellavedova Jump Shot: Made (9 PTS) Assist: Antetokounmpo (6 AST)
00:12.9,52-61,NOP,203076,anthony,davis,[NOP] Davis Jump Shot: Missed
00:11.9,52-61,MIL,203101,miles,plumlee,[MIL] Plumlee Rebound (Off:0 Def:3)
00:09.9,52-61,NOP,203524,solomon,hill,[NOP] S Hill Foul: Shooting (2 PF) (2 FTA) (S Foster)
00:09.9,52-62,MIL,203953,jabari,parker,[MIL 62-52] Parker Free Throw 1 of 2 (11 PTS)
00:09.9,52-62,NOP,201967,dante,cunningham,[NOP] Cunningham Substitution replaced by Hield
00:09.9,52-63,MIL,203953,jabari,parker,[MIL 63-52] Parker Free Throw 2 of 2 (12 PTS)
00:03.2,52-63,NOP,204025,tim,frazier,[NOP] Frazier 3pt Shot: Missed
00:03.2,52-63,NOP,,,,[NOP] Team Rebound
00:03.2,52-63,MIL,203101,miles,plumlee,[MIL] Plumlee Foul: Loose Ball (3 PF) (2 FTA) (B Forte)
00:03.2,53-63,NOP,203076,anthony,davis,[NOP 53-63] Davis Free Throw 1 of 2 (14 PTS)
00:03.2,53-63,NOP,1627741,buddy,hield,[NOP] Hield Substitution replaced by Cunningham
00:03.2,53-63,NOP,203524,solomon,hill,[NOP] S Hill Substitution replaced by Stephenson
00:03.2,54-63,NOP,203076,anthony,davis,[NOP 54-63] Davis Free Throw 2 of 2 (15 PTS)
00:00.1,54-63,MIL,203507,giannis,antetokounmpo,[MIL] Antetokounmpo 3pt Shot: Missed Block: Frazier (1 BLK)
00:00.0,54-63,MIL,,,,[MIL] Team Rebound
End of 2nd Quarter
Start of 3rd Quarter
11:45,54-63,NOP,202734,e'twaun,moore,[NOP] Moore Turnover : Bad Pass (1 TO) Steal:Dellavedova (1 ST)
11:41,54-65,MIL,203507,giannis,antetokounmpo,[MIL 65-54] Antetokounmpo Cutting Dunk Shot: Made (10 PTS) Assist: Dellavedova (2 AST)
11:31,54-65,MIL,203521,matthew,dellavedova,[MIL] Dellavedova Foul: Personal (2 PF) (T Ford)
11:13,54-65,MIL,203507,giannis,antetokounmpo,[MIL] Antetokounmpo Foul: Shooting (2 PF) (2 FTA) (S Foster)
11:13,55-65,NOP,204025,tim,frazier,[NOP 55-65] Frazier Free Throw 1 of 2 (8 PTS)
11:13,56-65,NOP,204025,tim,frazier,[NOP 56-65] Frazier Free Throw 2 of 2 (9 PTS)
11:01,56-67,MIL,203953,jabari,parker,[MIL 67-56] Parker Jump Shot: Made (14 PTS) Assist: Plumlee (1 AST)
10:45,56-67,NOP,203076,anthony,davis,[NOP] Davis Jump Shot: Missed
10:45,56-67,MIL,203507,giannis,antetokounmpo,[MIL] Antetokounmpo Rebound (Off:1 Def:5)
10:31,56-67,NOP,203076,anthony,davis,[NOP] Davis Foul: Shooting (2 PF) (2 FTA) (T Ford)
10:31,56-68,MIL,203101,miles,plumlee,[MIL 68-56] Plumlee Free Throw 1 of 2 (3 PTS)
10:31,56-68,MIL,203101,miles,plumlee,[MIL] Plumlee Free Throw 2 of 2 Missed
10:30,56-68,NOP,203076,anthony,davis,[NOP] Davis Rebound (Off:2 Def:6)
10:21,58-68,NOP,203076,anthony,davis,[NOP 58-68] Davis Jump Shot: Made (17 PTS) Assist: S Hill (2 AST)
10:00,58-70,MIL,203953,jabari,parker,[MIL 70-58] Parker Jump Shot: Made (16 PTS) Assist: Dellavedova (3 AST)
09:48,60-70,NOP,203076,anthony,davis,[NOP 60-70] Davis Jump Shot: Made (19 PTS) Assist: S Hill (3 AST)
09:32,60-70,MIL,203507,giannis,antetokounmpo,[MIL] Antetokounmpo 3pt Shot: Missed
09:31,60-70,NOP,203076,anthony,davis,[NOP] Davis Rebound (Off:2 Def:7)
09:18,60-70,NOP,203524,solomon,hill,[NOP] S Hill Floating Jump shot: Missed
09:17,60-70,MIL,203503,tony,snell,[MIL] Snell Rebound (Off:1 Def:7)
09:04,60-70,MIL,203521,matthew,dellavedova,[MIL] Dellavedova Turnover : Bad Pass (1 TO) Steal:Davis (3 ST)
09:00,60-70,NOP,202734,e'twaun,moore,[NOP] Moore Layup Shot: Missed
08:58,60-70,NOP,,,,[NOP] Team Rebound
08:47,60-70,NOP,203076,anthony,davis,[NOP] Davis 3pt Shot: Missed
08:46,60-70,MIL,203521,matthew,dellavedova,[MIL] Dellavedova Rebound (Off:0 Def:4)
08:39,60-70,MIL,203503,tony,snell,[MIL] Snell Substitution replaced by Vaughn
08:28,60-70,MIL,203101,miles,plumlee,[MIL] Plumlee Hook Shot: Missed
08:27,60-70,NOP,204025,tim,frazier,[NOP] Frazier Rebound (Off:0 Def:2)
08:14,60-70,NOP,204025,tim,frazier,[NOP] Frazier Layup Shot: Missed
08:13,60-70,NOP,204025,tim,frazier,[NOP] Frazier Rebound (Off:1 Def:2)
08:09,60-70,MIL,203507,giannis,antetokounmpo,[MIL] Antetokounmpo Foul: Shooting (3 PF) (2 FTA) (T Ford)
08:09,61-70,NOP,203076,anthony,davis,[NOP 61-70] Davis Free Throw 1 of 2 (20 PTS)
08:09,62-70,NOP,203076,anthony,davis,[NOP 62-70] Davis Free Throw 2 of 2 (21 PTS)
08:00,62-70,MIL,203101,miles,plumlee,[MIL] Plumlee Turnover : Lost Ball (2 TO) Steal:Cunningham (1 ST)
07:45,62-70,NOP,203524,solomon,hill,[NOP] S Hill 3pt Shot: Missed
07:44,62-70,MIL,203507,giannis,antetokounmpo,[MIL] Antetokounmpo Rebound (Off:1 Def:6)
07:34,62-70,NOP,202734,e'twaun,moore,[NOP] Moore Foul: Shooting (1 PF) (2 FTA) (T Ford)
07:34,62-71,MIL,203953,jabari,parker,[MIL 71-62] Parker Free Throw 1 of 2 (17 PTS)
07:34,62-71,MIL,203101,miles,plumlee,[MIL] Plumlee Substitution replaced by Monroe
07:34,62-72,MIL,203953,jabari,parker,[MIL 72-62] Parker Free Throw 2 of 2 (18 PTS)
07:26,62-72,NOP,204025,tim,frazier,[NOP] Frazier Turnover : Traveling (2 TO)
07:13,62-74,MIL,203507,giannis,antetokounmpo,[MIL 74-62] Antetokounmpo Layup Shot: Made (12 PTS) Assist: Monroe (4 AST)
06:54,62-74,NOP,201967,dante,cunningham,[NOP] Cunningham Reverse Layup Shot: Missed
06:53,62-74,MIL,1626173,rashad,vaughn,[MIL] Vaughn Rebound (Off:0 Def:1)
06:44,62-74,MIL,203507,giannis,antetokounmpo,[MIL] Antetokounmpo 3pt Shot: Missed
06:43,62-74,NOP,201967,dante,cunningham,[NOP] Cunningham Rebound (Off:1 Def:3)
06:35,65-74,NOP,202734,e'twaun,moore,[NOP 65-74] Moore 3pt Shot: Made (8 PTS) Assist: Frazier (3 AST)
06:18,65-74,MIL,203507,giannis,antetokounmpo,[MIL] Antetokounmpo 3pt Shot: Missed
06:17,65-74,NOP,203076,anthony,davis,[NOP] Davis Rebound (Off:2 Def:8)
06:11,65-74,MIL,1626173,rashad,vaughn,[MIL] Vaughn Foul: Shooting (1 PF) (2 FTA) (T Ford)
06:11,65-74,MIL,,,,[MIL] Team Timeout : Regular
06:11,65-74,MIL,203507,giannis,antetokounmpo,[MIL] Antetokounmpo Substitution replaced by Beasley
06:11,66-74,NOP,201967,dante,cunningham,[NOP 66-74] Cunningham Free Throw 1 of 2 (4 PTS)
06:11,66-74,NOP,201967,dante,cunningham,[NOP] Cunningham Free Throw 2 of 2 Missed
06:09,66-74,MIL,202328,greg,monroe,[MIL] Monroe Rebound (Off:2 Def:3)
06:00,66-74,MIL,202328,greg,monroe,[MIL] Monroe Turnover : Traveling (1 TO)
06:00,66-74,NOP,201967,dante,cunningham,[NOP] Cunningham Substitution replaced by Asik
05:50,66-74,MIL,202328,greg,monroe,[MIL] Monroe Foul: Shooting (3 PF) (2 FTA) (S Foster)
05:50,67-74,NOP,203076,anthony,davis,[NOP 67-74] Davis Free Throw 1 of 2 (22 PTS)
05:50,68-74,NOP,203076,anthony,davis,[NOP 68-74] Davis Free Throw 2 of 2 (23 PTS)
05:32,68-74,MIL,202328,greg,monroe,[MIL] Monroe Turnover : Lost Ball (2 TO) Steal:Frazier (2 ST)
05:28,70-74,NOP,204025,tim,frazier,[NOP 70-74] Frazier Layup Shot: Made (11 PTS) Assist: S Hill (4 AST)
05:09,70-74,MIL,201563,michael,beasley,[MIL] Beasley 3pt Shot: Missed
05:08,70-74,NOP,203076,anthony,davis,[NOP] Davis Rebound (Off:2 Def:9)
04:56,73-74,NOP,203524,solomon,hill,[NOP 73-74] S Hill 3pt Shot: Made (15 PTS) Assist: Asik (1 AST)
04:40,73-74,MIL,1626173,rashad,vaughn,[MIL] Vaughn 3pt Shot: Missed
04:39,73-74,MIL,202328,greg,monroe,[MIL] Monroe Rebound (Off:3 Def:3)
04:32,73-74,MIL,203953,jabari,parker,[MIL] Parker Layup Shot: Missed
04:30,73-74,MIL,203953,jabari,parker,[MIL] Parker Rebound (Off:1 Def:1)
04:29,73-74,NOP,203524,solomon,hill,[NOP] S Hill Foul: Personal (3 PF) (S Foster)
04:20,73-76,MIL,201563,michael,beasley,[MIL 76-73] Beasley Layup Shot: Made (8 PTS) Assist: Dellavedova (4 AST)
04:10,75-76,NOP,203076,anthony,davis,[NOP 75-76] Davis Layup Shot: Made (25 PTS) Assist: Frazier (4 AST)
03:57,75-78,MIL,203521,matthew,dellavedova,[MIL 78-75] Dellavedova Driving Layup Shot: Made (11 PTS)
03:47,75-78,MIL,203521,matthew,dellavedova,[MIL] Dellavedova Violation:Kicked Ball (B Forte)
03:47,75-78,MIL,203953,jabari,parker,[MIL] Parker Substitution replaced by Antetokounmpo
03:43,75-78,MIL,203507,giannis,antetokounmpo,[MIL] Antetokounmpo Foul: Personal (4 PF) (2 FTA) (T Ford)
03:43,76-78,NOP,203076,anthony,davis,[NOP 76-78] Davis Free Throw 1 of 2 (26 PTS)
03:43,77-78,NOP,203076,anthony,davis,[NOP 77-78] Davis Free Throw 2 of 2 (27 PTS)
03:35,77-80,MIL,203507,giannis,antetokounmpo,[MIL 80-77] Antetokounmpo Cutting Dunk Shot: Made (14 PTS) Assist: Dellavedova (5 AST)
03:22,77-80,NOP,201600,omer,asik,[NOP] Asik Layup Shot: Missed Block: Vaughn (1 BLK)
03:20,77-80,NOP,203076,anthony,davis,[NOP] Davis Rebound (Off:3 Def:9)
03:13,79-80,NOP,203076,anthony,davis,[NOP 79-80] Davis Jump Shot: Made (29 PTS)
02:53,79-80,MIL,201563,michael,beasley,[MIL] Beasley Jump Shot: Missed
02:52,79-80,NOP,203524,solomon,hill,[NOP] S Hill Rebound (Off:0 Def:3)
02:44,79-80,MIL,201563,michael,beasley,[MIL] Beasley Foul: Shooting (1 PF) (2 FTA) (B Forte)
02:44,79-80,NOP,,,,[NOP] Team Timeout : Regular
02:44,79-80,MIL,203507,giannis,antetokounmpo,[MIL] Antetokounmpo Substitution replaced by Snell
02:44,80-80,NOP,203524,solomon,hill,[NOP 80-80] S Hill Free Throw 1 of 2 (16 PTS)
02:44,81-80,NOP,203524,solomon,hill,[NOP 81-80] S Hill Free Throw 2 of 2 (17 PTS)
02:31,81-82,MIL,201563,michael,beasley,[MIL 82-81] Beasley Jump Shot: Made (10 PTS) Assist: Monroe (5 AST)
02:20,81-82,NOP,202734,e'twaun,moore,[NOP] Moore 3pt Shot: Missed
02:20,81-82,MIL,202328,greg,monroe,[MIL] Monroe Rebound (Off:3 Def:4)
02:07,81-82,MIL,201563,michael,beasley,[MIL] Beasley Jump Shot: Missed
02:06,81-82,NOP,201600,omer,asik,[NOP] Asik Rebound (Off:2 Def:4)
01:56,81-82,NOP,203524,solomon,hill,[NOP] S Hill Jump Shot: Missed
01:54,81-82,MIL,203503,tony,snell,[MIL] Snell Rebound (Off:1 Def:8)
01:45,81-82,MIL,1626173,rashad,vaughn,[MIL] Vaughn 3pt Shot: Missed
01:44,81-82,NOP,203524,solomon,hill,[NOP] S Hill Rebound (Off:0 Def:4)
01:36,81-82,MIL,203521,matthew,dellavedova,[MIL] Dellavedova Foul: Shooting (3 PF) (2 FTA) (S Foster)
01:36,82-82,NOP,204025,tim,frazier,[NOP 82-82] Frazier Free Throw 1 of 2 (12 PTS)
01:36,82-82,MIL,203521,matthew,dellavedova,[MIL] Dellavedova Substitution replaced by Brogdon
01:36,82-82,NOP,203524,solomon,hill,[NOP] S Hill Substitution replaced by Stephenson
01:36,82-82,NOP,203076,anthony,davis,[NOP] Davis Substitution replaced by Cunningham
01:36,82-82,NOP,204025,tim,frazier,[NOP] Frazier Free Throw 2 of 2 Missed
01:34,82-82,MIL,202328,greg,monroe,[MIL] Monroe Rebound (Off:3 Def:5)
01:22,82-82,NOP,204025,tim,frazier,[NOP] Frazier Foul: Shooting (1 PF) (2 FTA) (T Ford)
01:22,82-83,MIL,201563,michael,beasley,[MIL 83-82] Beasley Free Throw 1 of 2 (11 PTS)
01:22,82-84,MIL,201563,michael,beasley,[MIL 84-82] Beasley Free Throw 2 of 2 (12 PTS)
01:05,84-84,NOP,201600,omer,asik,[NOP 84-84] Asik Dunk Shot: Made (5 PTS) Assist: Moore (3 AST)
00:52.7,84-84,MIL,202328,greg,monroe,[MIL] Monroe Hook Shot: Missed
00:51.8,84-84,NOP,202362,lance,stephenson,[NOP] Stephenson Rebound (Off:0 Def:3)
00:40.0,84-84,NOP,201600,omer,asik,[NOP] Asik Turnover : 3 Second Violation (1 TO)
00:31.8,84-84,MIL,1627763,malcolm,brogdon,[MIL] Brogdon Turnover : Lost Ball (2 TO) Steal:Frazier (3 ST)
00:28.2,86-84,NOP,204025,tim,frazier,[NOP 86-84] Frazier Dunk Shot: Made (14 PTS)
00:05.4,86-84,MIL,202328,greg,monroe,[MIL] Monroe Layup Shot: Missed Block: Asik (1 BLK)
00:02.1,86-84,MIL,202328,greg,monroe,[MIL] Monroe Rebound (Off:4 Def:5)
00:00.4,86-84,MIL,1627763,malcolm,brogdon,[MIL] Brogdon Layup Shot: Missed
00:00.0,86-84,MIL,,,,[MIL] Team Rebound
End of 3rd Quarter
Start of 4th Quarter
11:49,86-84,NOP,204025,tim,frazier,[NOP] Frazier Foul: Personal (2 PF) (S Foster)
11:37,86-86,MIL,1627763,malcolm,brogdon,[MIL 86-86] Brogdon Floating Jump shot: Made (6 PTS)
11:29,88-86,NOP,1627741,buddy,hield,[NOP 88-86] Hield Jump Shot: Made (7 PTS) Assist: Frazier (5 AST)
11:14,88-89,MIL,203503,tony,snell,[MIL 89-88] Snell 3pt Shot: Made (13 PTS) Assist: Antetokounmpo (7 AST)
11:01,88-89,NOP,1627741,buddy,hield,[NOP] Hield Turnover : Lost Ball (4 TO) Steal:Brogdon (3 ST)
10:56,88-91,MIL,203141,mirza,teletovic,[MIL 91-88] Teletovic Layup Shot: Made (5 PTS)
10:39,88-91,NOP,1627741,buddy,hield,[NOP] Hield 3pt Shot: Missed
10:37,88-91,MIL,202328,greg,monroe,[MIL] Monroe Rebound (Off:4 Def:6)
10:19,88-91,MIL,203503,tony,snell,[MIL] Snell 3pt Shot: Missed
10:18,88-91,NOP,201600,omer,asik,[NOP] Asik Rebound (Off:2 Def:5)
10:07,88-91,MIL,202328,greg,monroe,[MIL] Monroe Foul: Shooting (4 PF) (2 FTA) (B Forte)
10:07,88-91,NOP,201600,omer,asik,[NOP] Asik Free Throw 1 of 2 Missed
10:07,88-91,NOP,,,,[NOP] Team Rebound
10:07,88-91,NOP,204025,tim,frazier,[NOP] Frazier Substitution replaced by Galloway
10:07,88-91,NOP,201600,omer,asik,[NOP] Asik Free Throw 2 of 2 Missed
10:06,88-91,MIL,202328,greg,monroe,[MIL] Monroe Rebound (Off:4 Def:7)
09:52,88-93,MIL,202328,greg,monroe,[MIL 93-88] Monroe Layup Shot: Made (6 PTS) Assist: Snell (2 AST)
09:32,91-93,NOP,1627741,buddy,hield,[NOP 91-93] Hield 3pt Shot: Made (10 PTS) Assist: Stephenson (3 AST)
09:18,91-93,NOP,202362,lance,stephenson,[NOP] Stephenson Foul: Personal (1 PF) (S Foster)
09:18,91-93,NOP,201600,omer,asik,[NOP] Asik Substitution replaced by Davis
09:07,91-93,MIL,202328,greg,monroe,[MIL] Monroe Jump Shot: Missed Block: Davis (2 BLK)
09:06,91-93,MIL,203507,giannis,antetokounmpo,[MIL] Antetokounmpo Rebound (Off:2 Def:6)
09:05,91-95,MIL,203507,giannis,antetokounmpo,[MIL 95-91] Antetokounmpo Layup Shot: Made (16 PTS)
08:53,91-95,NOP,203076,anthony,davis,[NOP] Davis 3pt Shot: Missed
08:52,91-95,MIL,203503,tony,snell,[MIL] Snell Rebound (Off:1 Def:9)
08:43,91-97,MIL,1627763,malcolm,brogdon,[MIL 97-91] Brogdon Cutting Dunk Shot: Made (8 PTS) Assist: Monroe (6 AST)
Official Timeout
08:24,91-97,MIL,202328,greg,monroe,[MIL] Monroe Substitution replaced by Henson
08:24,91-97,NOP,1627741,buddy,hield,[NOP] Hield Substitution replaced by S Hill
08:24,91-97,NOP,202362,lance,stephenson,[NOP] Stephenson Substitution replaced by Moore
08:19,91-97,NOP,204038,langston,galloway,Jump Ball Galloway vs Brogdon (Antetokounmpo gains possession)
08:19,91-97,NOP,204038,langston,galloway,[NOP] Galloway Turnover : Lost Ball (1 TO) Steal:Brogdon (4 ST)
08:03,91-97,MIL,203089,john,henson,[MIL] Henson Turnover : Lost Ball (2 TO) Steal:Galloway (1 ST)
07:49,93-97,NOP,202734,e'twaun,moore,[NOP 93-97] Moore Dunk Shot: Made (10 PTS) Assist: Davis (2 AST)
07:49,93-97,NOP,204038,langston,galloway,[NOP] Galloway Foul: Personal (1 PF) (S Foster)
07:49,93-97,NOP,204038,langston,galloway,[NOP] Galloway Substitution replaced by Frazier
07:43,93-100,MIL,203141,mirza,teletovic,[MIL 100-93] Teletovic 3pt Shot: Made (8 PTS) Assist: Brogdon (4 AST)
07:16,93-100,NOP,201967,dante,cunningham,[NOP] Cunningham 3pt Shot: Missed
07:15,93-100,MIL,1627763,malcolm,brogdon,[MIL] Brogdon Rebound (Off:1 Def:1)
06:59,93-102,MIL,203507,giannis,antetokounmpo,[MIL 102-93] Antetokounmpo Cutting Dunk Shot: Made (18 PTS) Assist: Henson (1 AST)
06:50,93-102,NOP,,,,[NOP] Team Timeout : Regular
06:50,93-102,NOP,201967,dante,cunningham,[NOP] Cunningham Substitution replaced by Hield
06:35,95-102,NOP,204025,tim,frazier,[NOP 95-102] Frazier Pullup Jump shot: Made (16 PTS)
06:18,95-102,NOP,204025,tim,frazier,[NOP] Frazier Foul: Personal (3 PF) (T Ford)
06:04,95-105,MIL,1627763,malcolm,brogdon,[MIL 105-95] Brogdon 3pt Shot: Made (11 PTS) Assist: Teletovic (1 AST)
05:54,95-105,MIL,203089,john,henson,[MIL] Henson Foul: Shooting (3 PF) (2 FTA) (S Foster)
05:54,96-105,NOP,203076,anthony,davis,[NOP 96-105] Davis Free Throw 1 of 2 (30 PTS)
05:54,96-105,MIL,203141,mirza,teletovic,[MIL] Teletovic Substitution replaced by Parker
05:54,97-105,NOP,203076,anthony,davis,[NOP 97-105] Davis Free Throw 2 of 2 (31 PTS)
05:39,97-105,MIL,203503,tony,snell,[MIL] Snell 3pt Shot: Missed
05:38,97-105,MIL,,,,[MIL] Team Rebound
05:38,97-105,NOP,204025,tim,frazier,[NOP] Frazier Foul: Loose Ball (4 PF) (2 FTA) (S Foster)
05:38,97-105,MIL,203507,giannis,antetokounmpo,[MIL] Antetokounmpo Free Throw 1 of 2 Missed
05:38,97-105,MIL,,,,[MIL] Team Rebound
05:38,97-105,NOP,1627741,buddy,hield,[NOP] Hield Substitution replaced by Cunningham
05:38,97-106,MIL,203507,giannis,antetokounmpo,[MIL 106-97] Antetokounmpo Free Throw 2 of 2 (19 PTS)
05:30,99-106,NOP,203076,anthony,davis,[NOP 99-106] Davis Jump Shot: Made (33 PTS) Assist: Frazier (6 AST)
05:10,99-106,MIL,1627763,malcolm,brogdon,[MIL] Brogdon Turnover : Bad Pass (3 TO) Steal:S Hill (2 ST)
05:05,99-106,MIL,203507,giannis,antetokounmpo,[MIL] Antetokounmpo Foul: Shooting (5 PF) (2 FTA) (B Forte)
05:05,99-106,NOP,203524,solomon,hill,[NOP] S Hill Free Throw 1 of 2 Missed
05:05,99-106,NOP,,,,[NOP] Team Rebound
05:05,99-106,MIL,203507,giannis,antetokounmpo,[MIL] Antetokounmpo Substitution replaced by Dellavedova
05:05,99-106,NOP,203524,solomon,hill,[NOP] S Hill Free Throw 2 of 2 Missed
05:03,99-106,MIL,203089,john,henson,[MIL] Henson Rebound (Off:1 Def:3)
04:54,99-106,MIL,203503,tony,snell,[MIL] Snell 3pt Shot: Missed Block: Davis (3 BLK)
04:48,99-106,NOP,201967,dante,cunningham,[NOP] Cunningham Rebound (Off:1 Def:4)
04:43,102-106,NOP,202734,e'twaun,moore,[NOP 102-106] Moore 3pt Shot: Made (13 PTS) Assist: Frazier (7 AST)
04:41,102-106,MIL,,,,[MIL] Team Timeout : Regular
04:17,102-106,MIL,,,,[MIL] Team Turnover : Shot Clock Turnover
04:09,104-106,NOP,204025,tim,frazier,[NOP 104-106] Frazier Jump Shot: Made (18 PTS)
03:55,104-108,MIL,1627763,malcolm,brogdon,[MIL 108-104] Brogdon Driving Layup Shot: Made (13 PTS)
03:55,104-108,NOP,202734,e'twaun,moore,[NOP] Moore Foul: Shooting (2 PF) (1 FTA) (B Forte)
03:55,104-109,MIL,1627763,malcolm,brogdon,[MIL 109-104] Brogdon Free Throw 1 of 1 (14 PTS)
03:46,106-109,NOP,202734,e'twaun,moore,[NOP 106-109] Moore Floating Jump shot: Made (15 PTS)
03:31,106-111,MIL,203953,jabari,parker,[MIL 111-106] Parker Cutting Layup Shot: Made (20 PTS) Assist: Dellavedova (6 AST)
03:31,106-111,NOP,201967,dante,cunningham,[NOP] Cunningham Foul: Shooting (2 PF) (1 FTA) (S Foster)
03:31,106-112,MIL,203953,jabari,parker,[MIL 112-106] Parker Free Throw 1 of 1 (21 PTS)
03:24,106-112,MIL,203503,tony,snell,[MIL] Snell Foul: Personal (2 PF) (T Ford)
03:12,108-112,NOP,202734,e'twaun,moore,[NOP 108-112] Moore Jump Shot: Made (17 PTS) Assist: Frazier (8 AST)
03:00,108-112,MIL,203521,matthew,dellavedova,[MIL] Dellavedova Jump Shot: Missed
02:58,108-112,NOP,203076,anthony,davis,[NOP] Davis Rebound (Off:3 Def:10)
02:42,108-112,MIL,203089,john,henson,[MIL] Henson Foul: Shooting (4 PF) (2 FTA) (S Foster)
02:42,109-112,NOP,204025,tim,frazier,[NOP 109-112] Frazier Free Throw 1 of 2 (19 PTS)
02:42,109-112,MIL,1627763,malcolm,brogdon,[MIL] Brogdon Substitution replaced by Antetokounmpo
02:42,110-112,NOP,204025,tim,frazier,[NOP 110-112] Frazier Free Throw 2 of 2 (20 PTS)
02:32,110-112,MIL,203953,jabari,parker,[MIL] Parker Hook Shot: Missed
02:31,110-112,NOP,203076,anthony,davis,[NOP] Davis Rebound (Off:3 Def:11)
02:17,110-112,NOP,203076,anthony,davis,[NOP] Davis Jump Shot: Missed
02:15,110-112,MIL,203521,matthew,dellavedova,[MIL] Dellavedova Rebound (Off:0 Def:5)
01:59,110-114,MIL,203507,giannis,antetokounmpo,[MIL 114-110] Antetokounmpo Cutting Layup Shot: Made (21 PTS) Assist: Dellavedova (7 AST)
01:46,112-114,NOP,203076,anthony,davis,[NOP 112-114] Davis Floating Jump shot: Made (35 PTS) Assist: Frazier (9 AST)
01:34,112-117,MIL,203507,giannis,antetokounmpo,[MIL 117-112] Antetokounmpo 3pt Shot: Made (24 PTS) Assist: Dellavedova (8 AST)
01:33,112-117,NOP,,,,[NOP] Team Timeout : Regular
01:25,112-117,NOP,204025,tim,frazier,[NOP] Frazier Turnover : Bad Pass (3 TO) Steal:Dellavedova (2 ST)
01:10,112-117,NOP,204025,tim,frazier,[NOP] Frazier Violation:Kicked Ball (T Ford)
01:00,112-117,MIL,203521,matthew,dellavedova,[MIL] Dellavedova 3pt Shot: Missed
00:59.5,112-117,NOP,203076,anthony,davis,[NOP] Davis Rebound (Off:3 Def:12)
00:50.0,112-117,MIL,203953,jabari,parker,[MIL] Parker Foul: Personal (1 PF) (2 FTA) (S Foster)
00:50.0,112-117,NOP,203524,solomon,hill,[NOP] S Hill Free Throw 1 of 2 Missed
00:50.0,112-117,NOP,,,,[NOP] Team Rebound
00:50.0,113-117,NOP,203524,solomon,hill,[NOP 113-117] S Hill Free Throw 2 of 2 (18 PTS)
00:28.5,113-117,MIL,203953,jabari,parker,[MIL] Parker 3pt Shot: Missed
00:27.3,113-117,MIL,203507,giannis,antetokounmpo,[MIL] Antetokounmpo Rebound (Off:3 Def:6)
00:27.2,113-117,MIL,203507,giannis,antetokounmpo,[MIL] Antetokounmpo Tip Layup Shot: Missed
00:25.9,113-117,NOP,203524,solomon,hill,[NOP] S Hill Rebound (Off:0 Def:5)
00:15.6,113-117,NOP,201967,dante,cunningham,[NOP] Cunningham 3pt Shot: Missed
00:14.7,113-117,NOP,203524,solomon,hill,[NOP] S Hill Rebound (Off:1 Def:5)
00:12.3,113-117,NOP,,,,[NOP] Team Timeout : Short
00:06.8,113-117,NOP,203076,anthony,davis,[NOP] Davis Jump Shot: Missed
00:05.7,113-117,MIL,203089,john,henson,[MIL] Henson Rebound (Off:1 Def:4)
00:03.4,113-117,MIL,203089,john,henson,[MIL] Henson Turnover : Lost Ball (3 TO) Steal:Frazier (4 ST)
00:00.4,113-117,NOP,204025,tim,frazier,[NOP] Frazier 3pt Shot: Missed Block: Antetokounmpo (2 BLK)
End of 4th Quarter
***End of scrape***