203496,robert,covington,203967,dario,saric,203954,joel,embiid,201945,gerald,henderson,200771,sergio,rodriguez,1626143,jahlil,okafor,203917,nik,stauskas,203924,jerami,grant,1626158,richaun,holmes,204456,t.j.,mcconnell,203138,hollis,thompson,1627789,timothe,luwawu-cabarrot
203145,kent,bazemore,200794,paul,millsap,2730,dwight,howard,2594,kyle,korver,203471,dennis,schroder,203488,mike,muscala,203501,tim,hardaway_jr.,1627098,malcolm,delaney,2743,kris,humphries,200757,thabo,sefolosha,1627761,deandre',bembry,1627752,taurean,prince,204002,edy,tavares
Start of 1st Quarter
12:00,0-0,PHI,203954,joel,embiid,Jump Ball Embiid vs Howard (Covington gains possession)
11:48,3-0,PHI,203954,joel,embiid,[PHI 3-0] Embiid 3pt Shot: Made (3 PTS)
11:29,3-0,ATL,203145,kent,bazemore,[ATL] Bazemore Turnover : Bad Pass (1 TO) Steal:Covington (1 ST)
11:24,3-0,PHI,200771,sergio,rodriguez,[PHI] Rodriguez Turnover : Bad Pass (1 TO) Steal:Bazemore (1 ST)
11:18,3-0,ATL,203145,kent,bazemore,[ATL] Bazemore Turnover : Bad Pass (2 TO) Steal:Covington (2 ST)
11:13,5-0,PHI,203954,joel,embiid,[PHI 5-0] Embiid Running Finger Roll Layup Shot: Made (5 PTS) Assist: Covington (1 AST)
10:56,5-0,ATL,203471,dennis,schroder,[ATL] Schroder Jump Shot: Missed
10:53,5-0,ATL,2730,dwight,howard,[ATL] Howard Rebound (Off:1 Def:0)
10:52,5-0,ATL,2730,dwight,howard,[ATL] Howard Layup Shot: Missed
10:50,5-0,ATL,2730,dwight,howard,[ATL] Howard Rebound (Off:2 Def:0)
10:50,5-0,ATL,2730,dwight,howard,[ATL] Howard Layup Shot: Missed
10:48,5-0,PHI,201945,gerald,henderson,[PHI] Henderson Rebound (Off:0 Def:1)
10:45,5-0,PHI,203496,robert,covington,[PHI] Covington 3pt Shot: Missed
10:43,5-0,ATL,200794,paul,millsap,[ATL] Millsap Rebound (Off:0 Def:1)
10:28,5-0,ATL,200794,paul,millsap,[ATL] Millsap Jump Shot: Missed
10:28,5-0,PHI,,,,[PHI] Team Rebound
10:28,5-0,ATL,2730,dwight,howard,[ATL] Howard Foul: Loose Ball (1 PF) (K Cutler)
10:18,5-0,PHI,200771,sergio,rodriguez,[PHI] Rodriguez Driving Layup Shot: Missed
10:16,5-0,ATL,203471,dennis,schroder,[ATL] Schroder Rebound (Off:0 Def:1)
10:04,5-0,PHI,200771,sergio,rodriguez,[PHI] Rodriguez Foul: Personal (1 PF) (K Cutler)
09:59,5-0,ATL,2594,kyle,korver,[ATL] Korver Jump Shot: Missed
09:58,5-0,PHI,203496,robert,covington,[PHI] Covington Rebound (Off:0 Def:1)
09:49,8-0,PHI,203967,dario,saric,[PHI 8-0] Saric 3pt Shot: Made (3 PTS)
09:41,8-0,ATL,,,,[ATL] Team Timeout : Regular
09:37,8-0,ATL,203145,kent,bazemore,[ATL] Bazemore Jump Shot: Missed
09:35,8-0,PHI,200771,sergio,rodriguez,[PHI] Rodriguez Rebound (Off:0 Def:1)
09:21,8-0,PHI,201945,gerald,henderson,[PHI] Henderson Jump Shot: Missed
09:19,8-0,ATL,203471,dennis,schroder,[ATL] Schroder Rebound (Off:0 Def:2)
09:11,8-2,ATL,203471,dennis,schroder,[ATL 2-8] Schroder Driving Floating Jump Shot: Made (2 PTS)
08:56,8-2,PHI,203954,joel,embiid,[PHI] Embiid Jump Shot: Missed
08:54,8-2,ATL,200794,paul,millsap,[ATL] Millsap Rebound (Off:0 Def:2)
08:52,8-2,PHI,203954,joel,embiid,[PHI] Embiid Foul: Personal (1 PF) (C Kirkland)
08:41,8-2,ATL,203145,kent,bazemore,[ATL] Bazemore 3pt Shot: Missed
08:40,8-2,PHI,200771,sergio,rodriguez,[PHI] Rodriguez Rebound (Off:0 Def:2)
08:27,8-2,PHI,203496,robert,covington,[PHI] Covington 3pt Shot: Missed
08:25,8-2,ATL,2730,dwight,howard,[ATL] Howard Rebound (Off:2 Def:1)
08:17,8-2,ATL,203471,dennis,schroder,[ATL] Schroder Jump Shot: Missed
08:16,8-2,ATL,,,,[ATL] Team Rebound
08:16,8-2,PHI,203954,joel,embiid,[PHI] Embiid Substitution replaced by Okafor
08:09,8-2,ATL,203145,kent,bazemore,[ATL] Bazemore 3pt Shot: Missed
08:08,8-2,ATL,2730,dwight,howard,[ATL] Howard Rebound (Off:3 Def:1)
08:04,8-4,ATL,2594,kyle,korver,[ATL 4-8] Korver Pullup Jump shot: Made (2 PTS) Assist: Millsap (1 AST)
07:42,8-4,PHI,201945,gerald,henderson,[PHI] Henderson Hook Shot: Missed
07:42,8-4,PHI,,,,[PHI] Team Rebound
07:42,8-4,ATL,200794,paul,millsap,[ATL] Millsap Foul: Loose Ball (1 PF) (C Kirkland)
07:32,8-4,PHI,203967,dario,saric,[PHI] Saric Hook Shot: Missed
07:31,8-4,ATL,2730,dwight,howard,[ATL] Howard Rebound (Off:3 Def:2)
07:23,8-7,ATL,2594,kyle,korver,[ATL 7-8] Korver 3pt Shot: Made (5 PTS) Assist: Schroder (1 AST)
07:12,8-7,PHI,203496,robert,covington,[PHI] Covington Turnover : Lost Ball (1 TO) Steal:Schroder (1 ST)
07:03,8-9,ATL,203145,kent,bazemore,[ATL 9-8] Bazemore Jump Shot: Made (2 PTS) Assist: Schroder (2 AST)
06:42,10-9,PHI,1626143,jahlil,okafor,[PHI 10-9] Okafor Layup Shot: Made (2 PTS) Assist: Saric (1 AST)
06:27,10-11,ATL,2594,kyle,korver,[ATL 11-10] Korver Jump Shot: Made (7 PTS) Assist: Schroder (3 AST)
06:14,10-11,PHI,203967,dario,saric,[PHI] Saric Jump Shot: Missed
06:13,10-11,ATL,203145,kent,bazemore,[ATL] Bazemore Rebound (Off:0 Def:1)
06:08,10-13,ATL,200794,paul,millsap,[ATL 13-10] Millsap Reverse Layup Shot: Made (2 PTS) Assist: Bazemore (1 AST)
05:49,12-13,PHI,203967,dario,saric,[PHI 12-13] Saric Turnaround Hook Shot: Made (5 PTS) Assist: Okafor (1 AST)
05:37,12-13,ATL,200794,paul,millsap,[ATL] Millsap Turnover : Lost Ball (1 TO) Steal:Covington (3 ST)
05:31,14-13,PHI,200771,sergio,rodriguez,[PHI 14-13] Rodriguez Pullup Jump shot: Made (2 PTS)
05:11,14-15,ATL,200794,paul,millsap,[ATL 15-14] Millsap Turnaround Jump Shot: Made (4 PTS)
04:49,14-15,PHI,203967,dario,saric,[PHI] Saric Pullup Jump shot: Missed
04:49,14-15,ATL,,,,[ATL] Team Rebound
04:49,14-15,ATL,200794,paul,millsap,[ATL] Millsap Substitution replaced by Muscala
04:49,14-15,PHI,201945,gerald,henderson,[PHI] Henderson Substitution replaced by Stauskas
04:41,14-15,PHI,1626143,jahlil,okafor,[PHI] Okafor Foul: Personal (1 PF) (C Kirkland)
04:41,14-15,PHI,203967,dario,saric,[PHI] Saric Substitution replaced by Grant
04:41,14-15,ATL,203145,kent,bazemore,[ATL] Bazemore Substitution replaced by Hardaway Jr.
04:35,14-15,PHI,203496,robert,covington,[PHI] Covington Foul: Personal (1 PF) (D Stafford)
04:25,14-17,ATL,203488,mike,muscala,[ATL 17-14] Muscala Driving Layup Shot: Made (2 PTS) Assist: Schroder (4 AST)
04:08,14-17,PHI,203924,jerami,grant,[PHI] Grant Jump Shot: Missed
04:06,14-17,PHI,200771,sergio,rodriguez,[PHI] Rodriguez Rebound (Off:1 Def:2)
04:00,17-17,PHI,203917,nik,stauskas,[PHI 17-17] Stauskas 3pt Shot: Made (3 PTS) Assist: Rodriguez (1 AST)
03:47,17-19,ATL,203488,mike,muscala,[ATL 19-17] Muscala Jump Shot: Made (4 PTS) Assist: Schroder (5 AST)
03:46,17-19,PHI,,,,[PHI] Team Timeout : Regular
03:46,17-19,PHI,200771,sergio,rodriguez,[PHI] Rodriguez Substitution replaced by Holmes
03:46,17-19,PHI,1626143,jahlil,okafor,[PHI] Okafor Substitution replaced by McConnell
03:46,17-19,ATL,2730,dwight,howard,[ATL] Howard Substitution replaced by Delaney
03:46,17-19,ATL,2594,kyle,korver,[ATL] Korver Substitution replaced by Humphries
03:46,17-19,ATL,203471,dennis,schroder,[ATL] Schroder Substitution replaced by Sefolosha
03:31,17-19,PHI,203917,nik,stauskas,[PHI] Stauskas Turnover : Bad Pass (1 TO) Steal:Humphries (1 ST)
03:25,17-21,ATL,2743,kris,humphries,[ATL 21-17] Humphries Running Dunk Shot: Made (2 PTS) Assist: Hardaway Jr. (1 AST)
03:07,19-21,PHI,203924,jerami,grant,[PHI 19-21] Grant Driving Layup Shot: Made (2 PTS) Assist: Stauskas (1 AST)
02:55,19-21,ATL,203501,tim,hardaway_jr.,[ATL] Hardaway Jr. 3pt Shot: Missed Block: Grant (1 BLK)
02:53,19-21,PHI,203917,nik,stauskas,[PHI] Stauskas Rebound (Off:0 Def:1)
02:49,19-21,PHI,203917,nik,stauskas,[PHI] Stauskas Running Layup Shot: Missed
02:45,19-21,ATL,203501,tim,hardaway_jr.,[ATL] Hardaway Jr. Rebound (Off:0 Def:1)
02:36,19-24,ATL,1627098,malcolm,delaney,[ATL 24-19] Delaney 3pt Shot: Made (3 PTS) Assist: Muscala (1 AST)
02:09,19-24,PHI,203917,nik,stauskas,[PHI] Stauskas 3pt Shot: Missed
02:07,19-24,PHI,204456,t.j.,mcconnell,[PHI] McConnell Rebound (Off:1 Def:0)
02:06,21-24,PHI,204456,t.j.,mcconnell,[PHI 21-24] McConnell Floating Jump shot: Made (2 PTS)
01:52,21-24,ATL,203501,tim,hardaway_jr.,[ATL] Hardaway Jr. Cutting Layup Shot: Missed Block: Grant (2 BLK)
01:49,21-24,PHI,1626158,richaun,holmes,[PHI] Holmes Rebound (Off:0 Def:1)
01:44,21-24,PHI,203496,robert,covington,[PHI] Covington 3pt Shot: Missed
01:41,21-24,ATL,2743,kris,humphries,[ATL] Humphries Rebound (Off:0 Def:1)
01:26,21-24,ATL,203501,tim,hardaway_jr.,[ATL] Hardaway Jr. 3pt Shot: Missed
01:23,21-24,PHI,1626158,richaun,holmes,[PHI] Holmes Rebound (Off:0 Def:2)
01:14,23-24,PHI,204456,t.j.,mcconnell,[PHI 23-24] McConnell Pullup Jump shot: Made (4 PTS)
01:09,23-24,PHI,204456,t.j.,mcconnell,[PHI] McConnell Foul: Personal Block (1 PF) (2 FTA) (C Kirkland)
01:09,23-25,ATL,1627098,malcolm,delaney,[ATL 25-23] Delaney Free Throw 1 of 2 (4 PTS)
01:09,23-25,PHI,203496,robert,covington,[PHI] Covington Substitution replaced by Thompson
01:09,23-25,ATL,1627098,malcolm,delaney,[ATL] Delaney Free Throw 2 of 2 Missed
01:07,23-25,PHI,203924,jerami,grant,[PHI] Grant Rebound (Off:0 Def:1)
00:59.9,23-25,PHI,1626158,richaun,holmes,[PHI] Holmes Turnover : Lost Ball (1 TO) Steal:Delaney (1 ST)
00:55.8,23-27,ATL,203501,tim,hardaway_jr.,[ATL 27-23] Hardaway Jr. Running Dunk Shot: Made (2 PTS) Assist: Delaney (1 AST)
00:55.8,23-27,PHI,203917,nik,stauskas,[PHI] Stauskas Foul: Shooting (1 PF) (1 FTA) (D Stafford)
00:55.8,23-27,ATL,203501,tim,hardaway_jr.,[ATL] Hardaway Jr. Free Throw 1 of 1 Missed
00:54.9,23-27,ATL,203488,mike,muscala,[ATL] Muscala Rebound (Off:1 Def:0)
00:51.9,23-27,ATL,203501,tim,hardaway_jr.,[ATL] Hardaway Jr. 3pt Shot: Missed
00:50.1,23-27,PHI,203138,hollis,thompson,[PHI] Thompson Rebound (Off:0 Def:1)
00:34.5,23-27,ATL,2743,kris,humphries,[ATL] Humphries Foul: Defense 3 Second (0 PF) (C Kirkland)
00:34.5,23-27,PHI,204456,t.j.,mcconnell,[PHI] McConnell Free Throw Technical Missed
00:34.5,23-27,PHI,,,,[PHI] Team Rebound
00:33.9,23-27,PHI,204456,t.j.,mcconnell,[PHI] McConnell Turnover : Bad Pass (1 TO) Steal:Humphries (2 ST)
00:28.7,23-29,ATL,203488,mike,muscala,[ATL 29-23] Muscala Running Dunk Shot: Made (6 PTS) Assist: Humphries (1 AST)
00:08.7,23-29,ATL,1627098,malcolm,delaney,[ATL] Delaney Foul: Shooting (1 PF) (2 FTA) (D Stafford)
00:08.7,23-29,PHI,203924,jerami,grant,[PHI] Grant Free Throw 1 of 2 Missed
00:08.7,23-29,PHI,,,,[PHI] Team Rebound
00:08.7,24-29,PHI,203924,jerami,grant,[PHI 24-29] Grant Free Throw 2 of 2 (3 PTS)
End of 1st Quarter
Start of 2nd Quarter
11:44,24-29,ATL,203501,tim,hardaway_jr.,[ATL] Hardaway Jr. Jump Shot: Missed
11:42,24-29,PHI,203917,nik,stauskas,[PHI] Stauskas Rebound (Off:0 Def:2)
11:35,24-29,PHI,1626143,jahlil,okafor,[PHI] Okafor Turnaround Jump Shot: Missed
11:34,24-29,ATL,2743,kris,humphries,[ATL] Humphries Rebound (Off:0 Def:2)
11:25,24-31,ATL,203501,tim,hardaway_jr.,[ATL 31-24] Hardaway Jr. Driving Reverse Layup Shot: Made (4 PTS)
11:12,24-31,PHI,204456,t.j.,mcconnell,[PHI] McConnell Jump Bank Shot: Missed
11:10,24-31,ATL,203501,tim,hardaway_jr.,[ATL] Hardaway Jr. Rebound (Off:0 Def:2)
10:53,24-31,ATL,1627098,malcolm,delaney,[ATL] Delaney Jump Shot: Missed
10:52,24-31,PHI,1626143,jahlil,okafor,[PHI] Okafor Rebound (Off:0 Def:1)
10:32,24-31,PHI,203138,hollis,thompson,[PHI] Thompson Jump Shot: Missed
10:31,24-31,ATL,203488,mike,muscala,[ATL] Muscala Rebound (Off:1 Def:1)
10:21,24-31,ATL,203488,mike,muscala,[ATL] Muscala 3pt Shot: Missed
10:20,24-31,PHI,203138,hollis,thompson,[PHI] Thompson Rebound (Off:0 Def:2)
10:15,24-31,ATL,203488,mike,muscala,[ATL] Muscala Foul: Shooting (1 PF) (2 FTA) (C Kirkland)
10:15,24-31,PHI,203924,jerami,grant,[PHI] Grant Free Throw 1 of 2 Missed
10:15,24-31,PHI,,,,[PHI] Team Rebound
10:15,24-31,ATL,203488,mike,muscala,[ATL] Muscala Substitution replaced by Millsap
10:15,24-31,ATL,203501,tim,hardaway_jr.,[ATL] Hardaway Jr. Substitution replaced by Bazemore
10:15,25-31,PHI,203924,jerami,grant,[PHI 25-31] Grant Free Throw 2 of 2 (4 PTS)
10:02,25-31,PHI,203138,hollis,thompson,[PHI] Thompson Foul: Shooting (1 PF) (2 FTA) (K Cutler)
10:02,25-32,ATL,200757,thabo,sefolosha,[ATL 32-25] Sefolosha Free Throw 1 of 2 (1 PTS)
10:02,25-32,PHI,203924,jerami,grant,[PHI] Grant Substitution replaced by Embiid
10:02,25-32,ATL,200757,thabo,sefolosha,[ATL] Sefolosha Free Throw 2 of 2 Missed
10:01,25-32,PHI,203954,joel,embiid,[PHI] Embiid Rebound (Off:0 Def:1)
09:44,25-32,PHI,203138,hollis,thompson,[PHI] Thompson Driving Layup Shot: Missed
09:42,25-32,ATL,200757,thabo,sefolosha,[ATL] Sefolosha Rebound (Off:0 Def:1)
09:31,25-32,ATL,200794,paul,millsap,[ATL] Millsap Turnover : Bad Pass (2 TO) Steal:McConnell (1 ST)
09:22,25-32,PHI,203917,nik,stauskas,[PHI] Stauskas Foul: Offensive Charge (2 PF) (D Stafford)
09:22,25-32,PHI,203917,nik,stauskas,[PHI] Stauskas Turnover : Foul (2 TO)
09:04,25-32,ATL,203145,kent,bazemore,[ATL] Bazemore Jump Shot: Missed
09:03,25-32,PHI,203954,joel,embiid,[PHI] Embiid Rebound (Off:0 Def:2)
08:57,25-32,PHI,203917,nik,stauskas,[PHI] Stauskas Turnover : Bad Pass (3 TO)
Official Timeout
08:57,25-32,ATL,200757,thabo,sefolosha,[ATL] Sefolosha Substitution replaced by Korver
08:43,25-32,PHI,203954,joel,embiid,[PHI] Embiid Foul: Shooting (2 PF) (2 FTA) (K Cutler)
08:43,25-33,ATL,200794,paul,millsap,[ATL 33-25] Millsap Free Throw 1 of 2 (5 PTS)
08:43,25-33,PHI,203917,nik,stauskas,[PHI] Stauskas Substitution replaced by Henderson
08:43,25-34,ATL,200794,paul,millsap,[ATL 34-25] Millsap Free Throw 2 of 2 (6 PTS)
08:32,25-34,PHI,203954,joel,embiid,[PHI] Embiid Turnover : Out of Bounds - Bad Pass Turnover (1 TO)
08:32,25-34,ATL,1627098,malcolm,delaney,[ATL] Delaney Substitution replaced by Schroder
08:23,25-34,ATL,203145,kent,bazemore,[ATL] Bazemore Jump Shot: Missed Block: Embiid (1 BLK)
08:21,25-34,PHI,1626143,jahlil,okafor,[PHI] Okafor Rebound (Off:0 Def:2)
08:02,25-34,ATL,2743,kris,humphries,[ATL] Humphries Foul: Shooting (1 PF) (2 FTA) (K Cutler)
08:02,26-34,PHI,203954,joel,embiid,[PHI 26-34] Embiid Free Throw 1 of 2 (6 PTS)
08:02,26-34,ATL,2743,kris,humphries,[ATL] Humphries Substitution replaced by Howard
08:02,26-34,PHI,204456,t.j.,mcconnell,[PHI] McConnell Substitution replaced by Rodriguez
08:02,27-34,PHI,203954,joel,embiid,[PHI 27-34] Embiid Free Throw 2 of 2 (7 PTS)
07:46,27-34,ATL,2730,dwight,howard,[ATL] Howard Layup Shot: Missed Block: Embiid (2 BLK)
07:46,27-34,ATL,,,,[ATL] Team Rebound
07:46,27-34,PHI,1626143,jahlil,okafor,[PHI] Okafor Substitution replaced by Saric
07:41,27-36,ATL,203471,dennis,schroder,[ATL 36-27] Schroder Driving Finger Roll Layup Shot: Made (4 PTS) Assist: Korver (1 AST)
07:28,27-36,ATL,2730,dwight,howard,[ATL] Howard Foul: Personal (2 PF) (D Stafford)
07:15,29-36,PHI,200771,sergio,rodriguez,[PHI 29-36] Rodriguez Pullup Jump shot: Made (4 PTS)
07:08,29-36,PHI,203954,joel,embiid,[PHI] Embiid Foul: Personal (3 PF) (D Stafford)
07:08,29-36,PHI,203954,joel,embiid,[PHI] Embiid Substitution replaced by Okafor
07:05,29-38,ATL,203145,kent,bazemore,[ATL 38-29] Bazemore Reverse Layup Shot: Made (4 PTS) Assist: Korver (2 AST)
06:52,29-38,PHI,201945,gerald,henderson,[PHI] Henderson 3pt Shot: Missed
06:51,29-38,ATL,2594,kyle,korver,[ATL] Korver Rebound (Off:0 Def:1)
06:45,29-38,ATL,2594,kyle,korver,[ATL] Korver 3pt Shot: Missed
06:42,29-38,PHI,203138,hollis,thompson,[PHI] Thompson Rebound (Off:0 Def:3)
06:31,32-38,PHI,203138,hollis,thompson,[PHI 32-38] Thompson 3pt Shot: Made (3 PTS) Assist: Saric (2 AST)
06:29,32-38,ATL,,,,[ATL] Team Timeout : Regular
06:20,32-38,PHI,200771,sergio,rodriguez,[PHI] Rodriguez Violation:Kicked Ball (D Stafford)
06:14,32-38,PHI,203138,hollis,thompson,[PHI] Thompson Foul: Personal (2 PF) (C Kirkland)
06:08,32-38,ATL,203471,dennis,schroder,[ATL] Schroder Turnover : Bad Pass (1 TO) Steal:Rodriguez (1 ST)
06:02,32-38,PHI,1626143,jahlil,okafor,[PHI] Okafor Jump Shot: Missed Block: Howard (1 BLK)
05:58,32-38,PHI,1626143,jahlil,okafor,[PHI] Okafor Rebound (Off:1 Def:2)
05:48,32-38,PHI,203967,dario,saric,[PHI] Saric Jump Shot: Missed
05:46,32-38,ATL,2730,dwight,howard,[ATL] Howard Rebound (Off:3 Def:3)
05:37,32-41,ATL,2594,kyle,korver,[ATL 41-32] Korver 3pt Shot: Made (10 PTS) Assist: Millsap (2 AST)
05:16,32-41,PHI,201945,gerald,henderson,[PHI] Henderson Jump Shot: Missed
05:15,32-41,ATL,2594,kyle,korver,[ATL] Korver Rebound (Off:0 Def:2)
05:08,32-41,ATL,203471,dennis,schroder,[ATL] Schroder 3pt Shot: Missed
05:07,32-41,PHI,1626143,jahlil,okafor,[PHI] Okafor Rebound (Off:1 Def:3)
04:58,32-41,PHI,200771,sergio,rodriguez,[PHI] Rodriguez Turnover : Bad Pass (2 TO) Steal:Korver (1 ST)
04:48,32-41,ATL,200794,paul,millsap,[ATL] Millsap Pullup Jump shot: Missed
04:46,32-41,PHI,203967,dario,saric,[PHI] Saric Rebound (Off:0 Def:1)
04:32,32-41,PHI,1626143,jahlil,okafor,[PHI] Okafor Step Back Jump shot: Missed
04:29,32-41,ATL,203145,kent,bazemore,[ATL] Bazemore Rebound (Off:0 Def:2)
04:24,32-41,ATL,2730,dwight,howard,[ATL] Howard Foul: Offensive (3 PF) (K Cutler)
04:24,32-41,ATL,2730,dwight,howard,[ATL] Howard Turnover : Foul (1 TO)
04:24,32-41,PHI,,,,[PHI] Team Timeout : Regular
04:24,32-41,ATL,2730,dwight,howard,[ATL] Howard Substitution replaced by Muscala
04:24,32-41,PHI,201945,gerald,henderson,[PHI] Henderson Substitution replaced by Stauskas
04:24,32-41,PHI,1626143,jahlil,okafor,[PHI] Okafor Substitution replaced by Holmes
04:24,32-41,PHI,203138,hollis,thompson,[PHI] Thompson Substitution replaced by Covington
04:10,32-41,PHI,203967,dario,saric,[PHI] Saric 3pt Shot: Missed
04:09,32-41,ATL,203145,kent,bazemore,[ATL] Bazemore Rebound (Off:0 Def:3)
03:57,32-44,ATL,2594,kyle,korver,[ATL 44-32] Korver 3pt Shot: Made (13 PTS) Assist: Millsap (3 AST)
03:39,32-44,PHI,203917,nik,stauskas,[PHI] Stauskas Jump Shot: Missed Block: Muscala (1 BLK)
03:39,32-44,PHI,,,,[PHI] Team Rebound
03:39,32-44,ATL,203145,kent,bazemore,[ATL] Bazemore Substitution replaced by Hardaway Jr.
03:35,32-44,PHI,203496,robert,covington,[PHI] Covington Turnover : Bad Pass (2 TO) Steal:Hardaway Jr. (1 ST)
03:27,32-46,ATL,203488,mike,muscala,[ATL 46-32] Muscala Turnaround Jump Shot: Made (8 PTS) Assist: Korver (3 AST)
03:09,32-46,PHI,203967,dario,saric,[PHI] Saric Jump Shot: Missed
03:08,32-46,ATL,203488,mike,muscala,[ATL] Muscala Rebound (Off:1 Def:2)
03:00,32-46,ATL,200794,paul,millsap,[ATL] Millsap Reverse Layup Shot: Missed
02:58,32-46,PHI,203967,dario,saric,[PHI] Saric Rebound (Off:0 Def:2)
02:50,32-46,PHI,203496,robert,covington,[PHI] Covington 3pt Shot: Missed
02:48,32-46,ATL,203501,tim,hardaway_jr.,[ATL] Hardaway Jr. Rebound (Off:0 Def:3)
02:42,32-48,ATL,2594,kyle,korver,[ATL 48-32] Korver Cutting Finger Roll Layup Shot: Made (15 PTS) Assist: Millsap (4 AST)
02:41,32-48,PHI,,,,[PHI] Team Timeout : Short
02:41,32-48,ATL,200794,paul,millsap,[ATL] Millsap Substitution replaced by Humphries
02:29,34-48,PHI,200771,sergio,rodriguez,[PHI 34-48] Rodriguez Driving Floating Jump Shot: Made (6 PTS)
02:17,34-50,ATL,203488,mike,muscala,[ATL 50-34] Muscala Jump Shot: Made (10 PTS) Assist: Schroder (6 AST)
01:57,34-50,PHI,200771,sergio,rodriguez,[PHI] Rodriguez 3pt Shot: Missed
01:56,34-50,PHI,,,,[PHI] Team Rebound
01:47,36-50,PHI,1626158,richaun,holmes,[PHI 36-50] Holmes Alley Oop Dunk Shot: Made (2 PTS) Assist: Rodriguez (2 AST)
01:26,36-50,ATL,2743,kris,humphries,[ATL] Humphries 3pt Shot: Missed
01:25,36-50,PHI,203967,dario,saric,[PHI] Saric Rebound (Off:0 Def:3)
01:18,36-50,PHI,203967,dario,saric,[PHI] Saric Foul: Offensive (1 PF) (C Kirkland)
01:18,36-50,PHI,203967,dario,saric,[PHI] Saric Turnover : Foul (1 TO)
01:18,36-50,ATL,2594,kyle,korver,[ATL] Korver Substitution replaced by Bazemore
01:00,36-52,ATL,203471,dennis,schroder,[ATL 52-36] Schroder Driving Finger Roll Layup Shot: Made (6 PTS)
00:46.9,39-52,PHI,203917,nik,stauskas,[PHI 39-52] Stauskas 3pt Shot: Made (6 PTS) Assist: Holmes (1 AST)
00:31.4,39-52,PHI,1626158,richaun,holmes,[PHI] Holmes Foul: Shooting (1 PF) (2 FTA) (D Stafford)
00:31.4,39-53,ATL,203471,dennis,schroder,[ATL 53-39] Schroder Free Throw 1 of 2 (7 PTS)
00:31.4,39-53,ATL,203501,tim,hardaway_jr.,[ATL] Hardaway Jr. Substitution replaced by Sefolosha
00:31.3,39-53,ATL,2743,kris,humphries,[ATL] Humphries Rebound (Off:1 Def:2)
00:31.0,39-53,ATL,2743,kris,humphries,[ATL] Humphries Turnover : Offensive Goaltending (1 TO)
00:12.9,39-53,PHI,200771,sergio,rodriguez,[PHI] Rodriguez Pullup Jump shot: Missed
00:08.9,39-53,ATL,200757,thabo,sefolosha,[ATL] Sefolosha Rebound (Off:0 Def:2)
00:02.5,39-53,ATL,203471,dennis,schroder,[ATL] Schroder Turnover : Out of Bounds - Bad Pass Turnover (2 TO)
End of 2nd Quarter
Start of 3rd Quarter
11:47,39-53,ATL,203145,kent,bazemore,[ATL] Bazemore Jump Shot: Missed
11:46,39-53,PHI,203967,dario,saric,[PHI] Saric Rebound (Off:0 Def:4)
11:22,39-53,PHI,203954,joel,embiid,[PHI] Embiid Jump Shot: Missed Block: Howard (2 BLK)
11:20,39-53,ATL,2730,dwight,howard,[ATL] Howard Rebound (Off:3 Def:4)
10:59,39-55,ATL,200794,paul,millsap,[ATL 55-39] Millsap Jump Shot: Made (8 PTS) Assist: Schroder (7 AST)
10:45,39-55,PHI,203496,robert,covington,[PHI] Covington 3pt Shot: Missed
10:43,39-55,ATL,203145,kent,bazemore,[ATL] Bazemore Rebound (Off:0 Def:4)
10:38,39-57,ATL,200794,paul,millsap,[ATL 57-39] Millsap Dunk Shot: Made (10 PTS) Assist: Bazemore (2 AST)
10:17,41-57,PHI,203954,joel,embiid,[PHI 41-57] Embiid Jump Shot: Made (9 PTS) Assist: Henderson (1 AST)
10:09,41-59,ATL,2730,dwight,howard,[ATL 59-41] Howard Alley Oop Dunk Shot: Made (2 PTS) Assist: Schroder (8 AST)
09:57,43-59,PHI,200771,sergio,rodriguez,[PHI 43-59] Rodriguez Driving Finger Roll Layup Shot: Made (8 PTS)
09:33,43-59,ATL,200794,paul,millsap,[ATL] Millsap Jump Shot: Missed
09:32,43-59,PHI,200771,sergio,rodriguez,[PHI] Rodriguez Rebound (Off:1 Def:3)
09:26,43-59,PHI,201945,gerald,henderson,[PHI] Henderson Jump Shot: Missed Block: Howard (3 BLK)
09:25,43-59,PHI,201945,gerald,henderson,Jump Ball Henderson vs Millsap (Howard gains possession)
09:25,43-59,ATL,,,,[ATL] Team Rebound
09:12,43-61,ATL,203471,dennis,schroder,[ATL 61-43] Schroder Pullup Jump shot: Made (9 PTS)
08:49,43-61,ATL,200794,paul,millsap,[ATL] Millsap Foul: Shooting (2 PF) (2 FTA) (C Kirkland)
08:49,43-61,PHI,203954,joel,embiid,[PHI] Embiid Free Throw 1 of 2 Missed
08:49,43-61,PHI,,,,[PHI] Team Rebound
08:49,44-61,PHI,203954,joel,embiid,[PHI 44-61] Embiid Free Throw 2 of 2 (10 PTS)
08:39,44-63,ATL,203145,kent,bazemore,[ATL 63-44] Bazemore Cutting Layup Shot: Made (6 PTS) Assist: Schroder (9 AST)
08:25,44-63,PHI,203496,robert,covington,[PHI] Covington Turnover : Traveling (3 TO)
08:09,44-63,ATL,203145,kent,bazemore,[ATL] Bazemore Turnover : Bad Pass (3 TO) Steal:Henderson (1 ST)
08:02,44-63,PHI,203496,robert,covington,[PHI] Covington Turnover : Lost Ball (4 TO) Steal:Korver (2 ST)
07:53,44-63,ATL,2594,kyle,korver,[ATL] Korver Turnover : Bad Pass (1 TO) Steal:Embiid (1 ST)
07:39,44-63,ATL,2730,dwight,howard,[ATL] Howard Foul: Personal (4 PF) (K Cutler)
07:39,44-63,ATL,2730,dwight,howard,[ATL] Howard Substitution replaced by Muscala
07:39,44-63,PHI,203496,robert,covington,[PHI] Covington Substitution replaced by Stauskas
07:30,46-63,PHI,203954,joel,embiid,[PHI 46-63] Embiid Driving Layup Shot: Made (12 PTS) Assist: Rodriguez (3 AST)
07:20,46-63,PHI,203967,dario,saric,[PHI] Saric Violation:Kicked Ball (C Kirkland)
07:20,46-63,PHI,203967,dario,saric,[PHI] Saric Substitution replaced by Grant
07:08,46-65,ATL,203145,kent,bazemore,[ATL 65-46] Bazemore Pullup Jump shot: Made (8 PTS)
06:54,46-65,PHI,203954,joel,embiid,[PHI] Embiid Turnover : Lost Ball (2 TO) Steal:Millsap (1 ST)
06:45,46-65,ATL,200794,paul,millsap,[ATL] Millsap 3pt Shot: Missed
06:43,46-65,PHI,203917,nik,stauskas,[PHI] Stauskas Rebound (Off:0 Def:3)
06:29,46-65,PHI,203954,joel,embiid,[PHI] Embiid Layup Shot: Missed
06:28,46-65,PHI,,,,[PHI] Team Rebound
06:28,46-65,PHI,203954,joel,embiid,[PHI] Embiid Substitution replaced by Okafor
06:28,46-65,PHI,,,,[PHI] Team Timeout : Regular
06:18,46-65,ATL,200794,paul,millsap,[ATL] Millsap Foul: Shooting (3 PF) (2 FTA) (C Kirkland)
06:18,47-65,PHI,1626143,jahlil,okafor,[PHI 47-65] Okafor Free Throw 1 of 2 (3 PTS)
06:18,48-65,PHI,1626143,jahlil,okafor,[PHI 48-65] Okafor Free Throw 2 of 2 (4 PTS)
06:07,48-65,ATL,200794,paul,millsap,[ATL] Millsap Jump Shot: Missed
06:05,48-65,PHI,,,,[PHI] Team Rebound
05:49,48-65,ATL,203488,mike,muscala,[ATL] Muscala Foul: Shooting (2 PF) (2 FTA) (D Stafford)
05:49,49-65,PHI,1626143,jahlil,okafor,[PHI 49-65] Okafor Free Throw 1 of 2 (5 PTS)
05:49,49-65,PHI,201945,gerald,henderson,[PHI] Henderson Substitution replaced by Thompson
05:49,49-65,PHI,200771,sergio,rodriguez,[PHI] Rodriguez Substitution replaced by McConnell
05:49,50-65,PHI,1626143,jahlil,okafor,[PHI 50-65] Okafor Free Throw 2 of 2 (6 PTS)
05:37,50-65,PHI,203924,jerami,grant,[PHI] Grant Foul: Shooting (1 PF) (2 FTA) (K Cutler)
05:37,50-65,ATL,200794,paul,millsap,[ATL] Millsap Free Throw 1 of 2 Missed
05:37,50-65,ATL,,,,[ATL] Team Rebound
05:37,50-65,ATL,203488,mike,muscala,[ATL] Muscala Substitution replaced by Humphries
05:37,50-66,ATL,200794,paul,millsap,[ATL 66-50] Millsap Free Throw 2 of 2 (11 PTS)
05:21,50-66,PHI,1626143,jahlil,okafor,[PHI] Okafor Turnaround Jump Shot: Missed
05:19,50-66,ATL,200794,paul,millsap,[ATL] Millsap Rebound (Off:0 Def:3)
05:11,50-66,ATL,200794,paul,millsap,[ATL] Millsap Substitution replaced by Muscala
05:07,50-66,ATL,2594,kyle,korver,[ATL] Korver Turnover : Bad Pass (2 TO) Steal:Okafor (1 ST)
05:01,50-66,ATL,203145,kent,bazemore,[ATL] Bazemore Foul: Personal (1 PF) (2 FTA) (C Kirkland)
05:01,50-66,ATL,2594,kyle,korver,[ATL] Korver Substitution replaced by Hardaway Jr.
05:01,51-66,PHI,204456,t.j.,mcconnell,[PHI 51-66] McConnell Free Throw 1 of 2 (5 PTS)
05:01,52-66,PHI,204456,t.j.,mcconnell,[PHI 52-66] McConnell Free Throw 2 of 2 (6 PTS)
04:37,52-66,ATL,203145,kent,bazemore,[ATL] Bazemore Jump Shot: Missed
04:35,52-66,PHI,204456,t.j.,mcconnell,[PHI] McConnell Rebound (Off:1 Def:1)
04:18,54-66,PHI,1626143,jahlil,okafor,[PHI 54-66] Okafor Driving Hook Shot: Made (8 PTS)
04:11,54-66,ATL,,,,[ATL] Team Timeout : Regular
03:58,54-66,ATL,2743,kris,humphries,[ATL] Humphries Layup Shot: Missed
03:57,54-66,PHI,203924,jerami,grant,[PHI] Grant Rebound (Off:0 Def:2)
03:50,54-66,PHI,203924,jerami,grant,[PHI] Grant Layup Shot: Missed Block: Humphries (1 BLK)
03:48,54-66,ATL,203488,mike,muscala,[ATL] Muscala Rebound (Off:1 Def:3)
03:41,54-66,ATL,203501,tim,hardaway_jr.,[ATL] Hardaway Jr. Jump Shot: Missed Block: Stauskas (1 BLK)
03:41,54-66,PHI,,,,[PHI] Team Rebound
03:41,54-66,ATL,203145,kent,bazemore,[ATL] Bazemore Substitution replaced by Sefolosha
03:21,56-66,PHI,203924,jerami,grant,[PHI 56-66] Grant Driving Reverse Dunk Shot: Made (6 PTS) Assist: McConnell (1 AST)
03:02,56-66,ATL,2743,kris,humphries,[ATL] Humphries Jump Shot: Missed
03:01,56-66,PHI,203924,jerami,grant,[PHI] Grant Rebound (Off:0 Def:3)
02:49,56-66,PHI,1626143,jahlil,okafor,[PHI] Okafor Jump Shot: Missed
02:47,56-66,ATL,203488,mike,muscala,[ATL] Muscala Rebound (Off:1 Def:4)
02:40,56-66,PHI,204456,t.j.,mcconnell,[PHI] McConnell Foul: Shooting (2 PF) (2 FTA) (C Kirkland)
02:40,56-67,ATL,203471,dennis,schroder,[ATL 67-56] Schroder Free Throw 1 of 2 (10 PTS)
02:40,56-67,PHI,1626143,jahlil,okafor,[PHI] Okafor Substitution replaced by Holmes
02:40,56-68,ATL,203471,dennis,schroder,[ATL 68-56] Schroder Free Throw 2 of 2 (11 PTS)
02:32,56-68,PHI,204456,t.j.,mcconnell,[PHI] McConnell 3pt Shot: Missed
02:30,56-68,ATL,2743,kris,humphries,[ATL] Humphries Rebound (Off:1 Def:3)
02:19,56-68,PHI,203924,jerami,grant,[PHI] Grant Foul: Shooting (2 PF) (2 FTA) (K Cutler)
02:19,56-69,ATL,2743,kris,humphries,[ATL 69-56] Humphries Free Throw 1 of 2 (3 PTS)
02:19,56-69,ATL,203471,dennis,schroder,[ATL] Schroder Substitution replaced by Delaney
02:19,56-69,ATL,203488,mike,muscala,[ATL] Muscala Substitution replaced by Millsap
02:19,56-69,ATL,2743,kris,humphries,[ATL] Humphries Free Throw 2 of 2 Missed
02:18,56-69,PHI,1626158,richaun,holmes,[PHI] Holmes Rebound (Off:0 Def:3)
02:08,58-69,PHI,1626158,richaun,holmes,[PHI 58-69] Holmes Alley Oop Dunk Shot: Made (4 PTS) Assist: McConnell (2 AST)
01:46,58-69,PHI,203924,jerami,grant,[PHI] Grant Foul: Shooting (3 PF) (2 FTA) (K Cutler)
01:46,58-70,ATL,200794,paul,millsap,[ATL 70-58] Millsap Free Throw 1 of 2 (12 PTS)
01:46,58-71,ATL,200794,paul,millsap,[ATL 71-58] Millsap Free Throw 2 of 2 (13 PTS)
01:34,58-71,PHI,203917,nik,stauskas,[PHI] Stauskas Jump Shot: Missed
01:32,58-71,ATL,2743,kris,humphries,[ATL] Humphries Rebound (Off:1 Def:4)
01:23,58-71,ATL,2743,kris,humphries,[ATL] Humphries Jump Shot: Missed
01:21,58-71,PHI,204456,t.j.,mcconnell,[PHI] McConnell Rebound (Off:1 Def:2)
01:12,58-71,PHI,203138,hollis,thompson,[PHI] Thompson Jump Shot: Missed
01:11,58-71,ATL,2743,kris,humphries,[ATL] Humphries Rebound (Off:1 Def:5)
01:04,58-74,ATL,203501,tim,hardaway_jr.,[ATL 74-58] Hardaway Jr. 3pt Shot: Made (7 PTS) Assist: Delaney (2 AST)
00:41.9,58-74,PHI,203924,jerami,grant,[PHI] Grant 3pt Shot: Missed
00:39.9,58-74,ATL,2743,kris,humphries,[ATL] Humphries Rebound (Off:1 Def:6)
00:30.3,58-74,ATL,200794,paul,millsap,[ATL] Millsap 3pt Shot: Missed
00:28.8,58-74,PHI,203138,hollis,thompson,[PHI] Thompson Rebound (Off:0 Def:4)
00:07.9,58-74,PHI,203924,jerami,grant,[PHI] Grant Jump Shot: Missed
00:05.9,58-74,ATL,2743,kris,humphries,[ATL] Humphries Rebound (Off:1 Def:7)
00:01.0,58-74,ATL,203501,tim,hardaway_jr.,[ATL] Hardaway Jr. 3pt Shot: Missed
00:00.0,58-74,ATL,,,,[ATL] Team Rebound
End of 3rd Quarter
Start of 4th Quarter
11:43,60-74,PHI,203954,joel,embiid,[PHI 60-74] Embiid Jump Shot: Made (14 PTS)
11:31,60-76,ATL,200794,paul,millsap,[ATL 76-60] Millsap Layup Shot: Made (15 PTS) Assist: Muscala (2 AST)
11:06,60-76,PHI,204456,t.j.,mcconnell,[PHI] McConnell Turnover : Out of Bounds - Bad Pass Turnover (2 TO)
10:53,60-78,ATL,1627098,malcolm,delaney,[ATL 78-60] Delaney Turnaround Jump Shot: Made (6 PTS)
10:35,60-78,PHI,203917,nik,stauskas,[PHI] Stauskas Layup Shot: Missed
10:34,60-78,ATL,,,,[ATL] Team Rebound
10:17,60-80,ATL,200794,paul,millsap,[ATL 80-60] Millsap Turnaround Jump Shot: Made (17 PTS)
10:15,60-80,PHI,203954,joel,embiid,[PHI] Embiid Turnover : Inbound Turnover (3 TO)
10:15,60-80,PHI,203924,jerami,grant,[PHI] Grant Substitution replaced by Saric
10:09,60-82,ATL,203488,mike,muscala,[ATL 82-60] Muscala Jump Shot: Made (12 PTS) Assist: Delaney (3 AST)
10:07,60-82,PHI,,,,[PHI] Team Timeout : Regular
10:07,60-82,PHI,204456,t.j.,mcconnell,[PHI] McConnell Substitution replaced by Rodriguez
09:47,62-82,PHI,200771,sergio,rodriguez,[PHI 62-82] Rodriguez Driving Floating Jump Shot: Made (10 PTS) Assist: Embiid (1 AST)
09:30,62-82,ATL,200794,paul,millsap,[ATL] Millsap Turnaround Fadeaway shot: Missed
09:28,62-82,PHI,203917,nik,stauskas,[PHI] Stauskas Rebound (Off:0 Def:4)
09:19,62-82,PHI,203954,joel,embiid,[PHI] Embiid Jump Shot: Missed Block: Muscala (2 BLK)
09:17,62-82,ATL,200757,thabo,sefolosha,[ATL] Sefolosha Rebound (Off:0 Def:3)
09:04,62-82,ATL,203501,tim,hardaway_jr.,[ATL] Hardaway Jr. 3pt Shot: Missed
09:01,62-82,PHI,203917,nik,stauskas,[PHI] Stauskas Rebound (Off:0 Def:5)
08:50,62-82,PHI,200771,sergio,rodriguez,[PHI] Rodriguez 3pt Shot: Missed
08:48,62-82,ATL,200794,paul,millsap,[ATL] Millsap Rebound (Off:0 Def:4)
08:42,62-82,ATL,200794,paul,millsap,[ATL] Millsap Substitution replaced by Howard
08:42,62-82,PHI,203954,joel,embiid,[PHI] Embiid Substitution replaced by Holmes
08:39,62-84,ATL,203488,mike,muscala,[ATL 84-62] Muscala Jump Shot: Made (14 PTS) Assist: Sefolosha (1 AST)
08:26,64-84,PHI,1626158,richaun,holmes,[PHI 64-84] Holmes Floating Jump shot: Made (6 PTS) Assist: Rodriguez (4 AST)
08:10,64-86,ATL,1627098,malcolm,delaney,[ATL 86-64] Delaney Pullup Jump shot: Made (8 PTS)
07:58,66-86,PHI,1626158,richaun,holmes,[PHI 66-86] Holmes Driving Floating Bank Jump Shot: Made (8 PTS) Assist: Rodriguez (5 AST)
07:44,66-86,ATL,1627098,malcolm,delaney,[ATL] Delaney Jump Shot: Missed
07:43,66-86,PHI,203138,hollis,thompson,[PHI] Thompson Rebound (Off:0 Def:5)
07:35,66-86,ATL,200757,thabo,sefolosha,[ATL] Sefolosha Foul: Personal (1 PF) (K Cutler)
07:35,66-86,ATL,203501,tim,hardaway_jr.,[ATL] Hardaway Jr. Substitution replaced by Korver
07:24,68-86,PHI,200771,sergio,rodriguez,[PHI 68-86] Rodriguez Fadeaway Jump Shot: Made (12 PTS)
07:04,68-88,ATL,200757,thabo,sefolosha,[ATL 88-68] Sefolosha Layup Shot: Made (3 PTS) Assist: Howard (1 AST)
06:54,68-88,ATL,1627098,malcolm,delaney,[ATL] Delaney Substitution replaced by Schroder
06:54,68-88,PHI,203917,nik,stauskas,[PHI] Stauskas Substitution replaced by Covington
06:45,68-88,PHI,200771,sergio,rodriguez,[PHI] Rodriguez Turnover : Bad Pass (3 TO) Steal:Muscala (1 ST)
06:41,68-90,ATL,200757,thabo,sefolosha,[ATL 90-68] Sefolosha Layup Shot: Made (5 PTS) Assist: Schroder (10 AST)
06:23,68-90,ATL,203488,mike,muscala,[ATL] Muscala Foul: Personal (3 PF) (C Kirkland)
06:23,68-90,ATL,203488,mike,muscala,[ATL] Muscala Substitution replaced by Humphries
06:23,68-90,PHI,203138,hollis,thompson,[PHI] Thompson Substitution replaced by Luwawu-Cabarrot
06:15,68-90,PHI,203967,dario,saric,[PHI] Saric 3pt Shot: Missed
06:13,68-90,ATL,203471,dennis,schroder,[ATL] Schroder Rebound (Off:0 Def:3)
06:05,68-92,ATL,200757,thabo,sefolosha,[ATL 92-68] Sefolosha Driving Finger Roll Layup Shot: Made (7 PTS) Assist: Schroder (11 AST)
06:04,68-92,PHI,,,,[PHI] Team Timeout : Short
06:04,68-92,ATL,2594,kyle,korver,[ATL] Korver Substitution replaced by Bembry
05:50,68-92,PHI,200771,sergio,rodriguez,[PHI] Rodriguez Jump Shot: Missed
05:49,68-92,ATL,200757,thabo,sefolosha,[ATL] Sefolosha Rebound (Off:0 Def:4)
05:45,68-92,PHI,1626158,richaun,holmes,[PHI] Holmes Foul: Shooting (2 PF) (2 FTA) (C Kirkland)
Official Timeout
05:45,68-92,ATL,2730,dwight,howard,[ATL] Howard Substitution replaced by Delaney
05:45,68-92,ATL,203471,dennis,schroder,[ATL] Schroder Substitution replaced by Prince
05:45,68-93,ATL,200757,thabo,sefolosha,[ATL 93-68] Sefolosha Free Throw 1 of 2 (8 PTS)
05:45,68-94,ATL,200757,thabo,sefolosha,[ATL 94-68] Sefolosha Free Throw 2 of 2 (9 PTS)
05:33,68-94,PHI,1627789,timothe,luwawu-cabarrot,[PHI] Luwawu-Cabarrot Turnover : Bad Pass (1 TO) Steal:Sefolosha (1 ST)
05:22,68-94,ATL,1627761,deandre',bembry,[ATL] Bembry 3pt Shot: Missed
05:20,68-94,PHI,1626158,richaun,holmes,[PHI] Holmes Rebound (Off:0 Def:4)
05:12,68-94,PHI,200771,sergio,rodriguez,[PHI] Rodriguez Turnover : Out of Bounds - Bad Pass Turnover (4 TO)
04:56,68-96,ATL,200757,thabo,sefolosha,[ATL 96-68] Sefolosha Driving Layup Shot: Made (11 PTS)
04:28,70-96,PHI,200771,sergio,rodriguez,[PHI 70-96] Rodriguez Jump Shot: Made (14 PTS)
04:07,70-96,ATL,1627098,malcolm,delaney,[ATL] Delaney Jump Shot: Missed
04:05,70-96,PHI,1626158,richaun,holmes,[PHI] Holmes Rebound (Off:0 Def:5)
03:57,70-96,PHI,200771,sergio,rodriguez,[PHI] Rodriguez Floating Jump shot: Missed
03:55,70-96,ATL,1627098,malcolm,delaney,[ATL] Delaney Rebound (Off:0 Def:1)
03:37,70-96,ATL,2743,kris,humphries,[ATL] Humphries Turnaround Jump Shot: Missed
03:36,70-96,ATL,,,,[ATL] Team Rebound
03:36,70-96,ATL,200757,thabo,sefolosha,[ATL] Sefolosha Substitution replaced by Tavares
03:36,70-96,PHI,203496,robert,covington,[PHI] Covington Substitution replaced by McConnell
03:36,70-96,PHI,203967,dario,saric,[PHI] Saric Substitution replaced by Grant
03:36,70-96,PHI,200771,sergio,rodriguez,[PHI] Rodriguez Substitution replaced by Stauskas
03:30,70-96,ATL,1627752,taurean,prince,[ATL] Prince 3pt Shot: Missed
03:29,70-96,PHI,,,,[PHI] Team Rebound
03:20,70-96,PHI,203924,jerami,grant,[PHI] Grant Turnover : Traveling (1 TO)
03:07,70-96,ATL,1627761,deandre',bembry,[ATL] Bembry Jump Shot: Missed
03:05,70-96,PHI,1627789,timothe,luwawu-cabarrot,[PHI] Luwawu-Cabarrot Rebound (Off:0 Def:1)
02:54,70-96,PHI,1626158,richaun,holmes,[PHI] Holmes Jump Shot: Missed
02:53,70-96,ATL,2743,kris,humphries,[ATL] Humphries Rebound (Off:1 Def:8)
02:34,70-98,ATL,204002,edy,tavares,[ATL 98-70] Tavares Reverse Dunk Shot: Made (2 PTS) Assist: Prince (1 AST)
02:11,70-98,PHI,1626158,richaun,holmes,[PHI] Holmes Jump Shot: Missed
02:09,70-98,PHI,1626158,richaun,holmes,[PHI] Holmes Rebound (Off:1 Def:5)
02:05,70-98,PHI,1626158,richaun,holmes,[PHI] Holmes Jump Shot: Missed
02:03,70-98,ATL,2743,kris,humphries,[ATL] Humphries Rebound (Off:1 Def:9)
01:53,70-98,ATL,2743,kris,humphries,[ATL] Humphries Turnover : Bad Pass (2 TO) Steal:Luwawu-Cabarrot (1 ST)
01:42,70-98,PHI,203924,jerami,grant,[PHI] Grant Layup Shot: Missed Block: Humphries (2 BLK)
01:40,70-98,ATL,1627098,malcolm,delaney,[ATL] Delaney Rebound (Off:0 Def:2)
01:38,70-98,PHI,1626158,richaun,holmes,[PHI] Holmes Foul: Shooting (3 PF) (2 FTA) (K Cutler)
01:38,70-98,ATL,,,,[ATL] Team Timeout : Regular
01:38,70-99,ATL,1627752,taurean,prince,[ATL 99-70] Prince Free Throw 1 of 2 (1 PTS)
01:38,70-100,ATL,1627752,taurean,prince,[ATL 100-70] Prince Free Throw 2 of 2 (2 PTS)
01:26,72-100,PHI,1626158,richaun,holmes,[PHI 72-100] Holmes Alley Oop Dunk Shot: Made (10 PTS) Assist: Luwawu-Cabarrot (1 AST)
01:13,72-100,PHI,203917,nik,stauskas,[PHI] Stauskas Foul: Shooting (3 PF) (2 FTA) (C Kirkland)
01:13,72-100,ATL,204002,edy,tavares,[ATL] Tavares Free Throw 1 of 2 Missed
01:13,72-100,ATL,,,,[ATL] Team Rebound
01:13,72-100,ATL,204002,edy,tavares,[ATL] Tavares Free Throw 2 of 2 Missed
01:12,72-100,ATL,1627761,deandre',bembry,[ATL] Bembry Rebound (Off:1 Def:0)
00:55.0,72-102,ATL,1627761,deandre',bembry,[ATL 102-72] Bembry Turnaround Jump Shot: Made (2 PTS)
00:34.9,72-102,PHI,1627789,timothe,luwawu-cabarrot,[PHI] Luwawu-Cabarrot Jump Shot: Missed
00:32.9,72-102,ATL,204002,edy,tavares,[ATL] Tavares Rebound (Off:0 Def:1)
00:26.3,72-104,ATL,1627752,taurean,prince,[ATL 104-72] Prince Jump Shot: Made (4 PTS) Assist: Delaney (4 AST)
00:14.4,72-104,PHI,204456,t.j.,mcconnell,[PHI] McConnell Jump Shot: Missed
00:12.9,72-104,ATL,1627761,deandre',bembry,[ATL] Bembry Rebound (Off:1 Def:1)
End of 4th Quarter
***End of scrape***