203932,aaron,gordon,201586,serge,ibaka,202696,nikola,vucevic,203095,evan,fournier,203901,elfrid,payton,201145,jeff,green,1626209,mario,hezonja,201571,d.j.,augustin,202687,bismack,biyombo,202620,arinze,onuaku,204014,damjan,rudez,201228,c.j.,watson,203912,cj,wilcox
202337,luke,babbitt,1626159,justise,winslow,202355,hassan,whiteside,203079,dion,waiters,201609,goran,dragic,204020,tyler,johnson,201949,james,johnson,203186,willie,reed,203585,rodney,mcgruder,2617,udonis,haslem,201177,josh,mcroberts,1626196,josh,richardson,202682,derrick,williams
Start of 1st Quarter
12:00,0-0,ORL,202696,nikola,vucevic,Jump Ball Vucevic vs Whiteside (Dragic gains possession)
11:42,0-0,MIA,1626159,justise,winslow,[MIA] Winslow Driving Floating Jump Shot: Missed
11:41,0-0,MIA,202355,hassan,whiteside,[MIA] Whiteside Rebound (Off:1 Def:0)
11:38,0-2,MIA,202355,hassan,whiteside,[MIA 2-0] Whiteside Putback Dunk Shot: Made (2 PTS)
11:16,0-2,ORL,203095,evan,fournier,[ORL] Fournier Step Back Jump shot: Missed
11:15,0-2,MIA,202355,hassan,whiteside,[MIA] Whiteside Rebound (Off:1 Def:1)
11:07,0-4,MIA,202355,hassan,whiteside,[MIA 4-0] Whiteside Layup Shot: Made (4 PTS) Assist: Dragic (1 AST)
10:52,0-4,MIA,202337,luke,babbitt,[MIA] Babbitt Foul: Personal (1 PF) (T Washington)
10:46,0-4,ORL,202696,nikola,vucevic,[ORL] Vucevic Jump Shot: Missed
10:44,0-4,ORL,201586,serge,ibaka,[ORL] Ibaka Rebound (Off:1 Def:0)
10:32,2-4,ORL,203932,aaron,gordon,[ORL 2-4] Gordon Cutting Dunk Shot: Made (2 PTS) Assist: Vucevic (1 AST)
10:07,2-4,MIA,202337,luke,babbitt,[MIA] Babbitt Pullup Jump shot: Missed
10:06,2-4,ORL,202696,nikola,vucevic,[ORL] Vucevic Rebound (Off:0 Def:1)
09:56,2-4,ORL,201586,serge,ibaka,[ORL] Ibaka Floating Jump shot: Missed
09:54,2-4,ORL,,,,[ORL] Team Rebound
09:40,4-4,ORL,202696,nikola,vucevic,[ORL 4-4] Vucevic Turnaround Jump Shot: Made (2 PTS)
09:25,4-4,MIA,201609,goran,dragic,[MIA] Dragic Turnover : Bad Pass (1 TO) Steal:Gordon (1 ST)
09:21,4-4,ORL,203932,aaron,gordon,[ORL] Gordon Running Finger Roll Layup Shot: Missed
09:19,4-4,MIA,203079,dion,waiters,[MIA] Waiters Rebound (Off:0 Def:1)
09:13,4-4,ORL,202696,nikola,vucevic,[ORL] Vucevic Foul: Personal (1 PF) (2 FTA) (T Washington)
09:13,4-4,MIA,202355,hassan,whiteside,[MIA] Whiteside Free Throw 1 of 2 Missed
09:13,4-4,MIA,,,,[MIA] Team Rebound
09:13,4-4,MIA,202355,hassan,whiteside,[MIA] Whiteside Free Throw 2 of 2 Missed
09:10,4-4,MIA,1626159,justise,winslow,[MIA] Winslow Rebound (Off:1 Def:0)
09:08,4-6,MIA,1626159,justise,winslow,[MIA 6-4] Winslow Layup Shot: Made (2 PTS)
08:55,4-6,MIA,202355,hassan,whiteside,[MIA] Whiteside Foul: Defense 3 Second (0 PF) (T Washington)
08:55,4-6,ORL,203095,evan,fournier,[ORL] Fournier Free Throw Technical Missed
08:55,4-6,ORL,,,,[ORL] Team Rebound
08:48,4-6,ORL,203901,elfrid,payton,[ORL] Payton Jump Shot: Missed
08:47,4-6,ORL,202696,nikola,vucevic,[ORL] Vucevic Rebound (Off:1 Def:1)
08:47,4-6,ORL,202696,nikola,vucevic,[ORL] Vucevic Tip Layup Shot: Missed
08:46,4-6,ORL,203901,elfrid,payton,[ORL] Payton Rebound (Off:1 Def:0)
08:46,4-6,MIA,1626159,justise,winslow,[MIA] Winslow Foul: Shooting (1 PF) (2 FTA) (T Washington)
08:46,5-6,ORL,203901,elfrid,payton,[ORL 5-6] Payton Free Throw 1 of 2 (1 PTS)
08:46,6-6,ORL,203901,elfrid,payton,[ORL 6-6] Payton Free Throw 2 of 2 (2 PTS)
08:33,6-6,MIA,203079,dion,waiters,[MIA] Waiters 3pt Shot: Missed
08:31,6-6,MIA,201609,goran,dragic,[MIA] Dragic Rebound (Off:1 Def:0)
08:29,6-6,MIA,201609,goran,dragic,[MIA] Dragic Turnover : Out of Bounds - Bad Pass Turnover (2 TO)
08:16,6-6,ORL,203932,aaron,gordon,[ORL] Gordon Floating Jump shot: Missed
08:14,6-6,ORL,202696,nikola,vucevic,[ORL] Vucevic Rebound (Off:2 Def:1)
08:12,8-6,ORL,202696,nikola,vucevic,[ORL 8-6] Vucevic Putback Layup Shot: Made (4 PTS)
07:46,8-8,MIA,203079,dion,waiters,[MIA 8-8] Waiters Floating Jump shot: Made (2 PTS)
07:35,8-8,ORL,202696,nikola,vucevic,[ORL] Vucevic Jump Shot: Missed
07:34,8-8,MIA,1626159,justise,winslow,[MIA] Winslow Rebound (Off:1 Def:1)
07:26,8-10,MIA,203079,dion,waiters,[MIA 10-8] Waiters Driving Layup Shot: Made (4 PTS)
07:19,10-10,ORL,203901,elfrid,payton,[ORL 10-10] Payton Driving Bank shot: Made (4 PTS)
07:05,10-10,MIA,201609,goran,dragic,[MIA] Dragic Turnaround Jump Shot: Missed
07:05,10-10,MIA,,,,[MIA] Team Rebound
06:53,10-10,MIA,203079,dion,waiters,[MIA] Waiters Fadeaway Jump Shot: Missed
06:52,10-10,ORL,202696,nikola,vucevic,[ORL] Vucevic Rebound (Off:2 Def:2)
06:40,12-10,ORL,203901,elfrid,payton,[ORL 12-10] Payton Pullup Jump shot: Made (6 PTS)
06:27,12-12,MIA,202337,luke,babbitt,[MIA 12-12] Babbitt Pullup Jump shot: Made (2 PTS) Assist: Dragic (2 AST)
06:11,12-12,ORL,203095,evan,fournier,[ORL] Fournier Jump Shot: Missed
06:09,12-12,MIA,202355,hassan,whiteside,[MIA] Whiteside Rebound (Off:1 Def:2)
06:06,12-14,MIA,1626159,justise,winslow,[MIA 14-12] Winslow Running Layup Shot: Made (4 PTS)
06:06,12-14,ORL,201586,serge,ibaka,[ORL] Ibaka Foul: Shooting (1 PF) (1 FTA) (S Corbin)
06:06,12-14,ORL,,,,[ORL] Team Timeout : Regular
06:06,12-14,ORL,201586,serge,ibaka,[ORL] Ibaka Substitution replaced by Je Green
06:06,12-15,MIA,1626159,justise,winslow,[MIA 15-12] Winslow Free Throw 1 of 1 (5 PTS)
05:47,15-15,ORL,203932,aaron,gordon,[ORL 15-15] Gordon 3pt Shot: Made (5 PTS) Assist: Payton (1 AST)
05:27,15-15,MIA,201609,goran,dragic,[MIA] Dragic Turnover : Out of Bounds - Bad Pass Turnover (3 TO)
05:27,15-15,MIA,1626159,justise,winslow,[MIA] Winslow Substitution replaced by Johnson
05:10,15-15,ORL,202696,nikola,vucevic,[ORL] Vucevic Layup Shot: Missed Block: Whiteside (1 BLK)
05:10,15-15,ORL,202696,nikola,vucevic,[ORL] Vucevic Rebound (Off:3 Def:2)
05:10,15-15,MIA,202355,hassan,whiteside,[MIA] Whiteside Foul: Shooting (1 PF) (2 FTA) (J VanDuyne)
05:10,15-15,ORL,202696,nikola,vucevic,[ORL] Vucevic Free Throw 1 of 2 Missed
05:10,15-15,ORL,,,,[ORL] Team Rebound
05:10,16-15,ORL,202696,nikola,vucevic,[ORL 16-15] Vucevic Free Throw 2 of 2 (5 PTS)
04:59,16-15,MIA,202337,luke,babbitt,[MIA] Babbitt 3pt Shot: Missed
04:58,16-15,ORL,202696,nikola,vucevic,[ORL] Vucevic Rebound (Off:3 Def:3)
04:51,16-15,ORL,203901,elfrid,payton,[ORL] Payton Turnover : Traveling (1 TO)
04:38,16-15,MIA,203079,dion,waiters,[MIA] Waiters Jump Shot: Missed
04:35,16-15,MIA,202355,hassan,whiteside,[MIA] Whiteside Rebound (Off:2 Def:2)
04:35,16-15,MIA,202355,hassan,whiteside,[MIA] Whiteside Putback Dunk Shot: Missed
04:33,16-15,ORL,203932,aaron,gordon,[ORL] Gordon Rebound (Off:0 Def:1)
04:26,16-15,ORL,201145,jeff,green,[ORL] Je Green Jump Shot: Missed
04:24,16-15,ORL,203095,evan,fournier,[ORL] Fournier Rebound (Off:1 Def:0)
04:19,16-15,ORL,203095,evan,fournier,[ORL] Fournier Hook Shot: Missed
04:17,16-15,ORL,202696,nikola,vucevic,[ORL] Vucevic Rebound (Off:4 Def:3)
04:13,19-15,ORL,203095,evan,fournier,[ORL 19-15] Fournier 3pt Shot: Made (3 PTS) Assist: Je Green (1 AST)
04:10,19-15,MIA,,,,[MIA] Team Timeout : Regular
04:10,19-15,MIA,202337,luke,babbitt,[MIA] Babbitt Substitution replaced by Johnson
04:10,19-15,ORL,203932,aaron,gordon,[ORL] Gordon Substitution replaced by Hezonja
04:01,19-15,MIA,201609,goran,dragic,[MIA] Dragic Jump Shot: Missed Block: Payton (1 BLK)
04:01,19-15,MIA,,,,[MIA] Team Rebound
03:41,19-15,MIA,201949,james,johnson,[MIA] Johnson Turnover : Out of Bounds Lost Ball Turnover (1 TO)
03:21,19-15,ORL,203095,evan,fournier,[ORL] Fournier 3pt Shot: Missed
03:20,19-15,MIA,202355,hassan,whiteside,[MIA] Whiteside Rebound (Off:2 Def:3)
03:04,19-15,ORL,203095,evan,fournier,[ORL] Fournier Violation:Kicked Ball (S Corbin)
02:57,19-15,MIA,201609,goran,dragic,[MIA] Dragic Floating Jump shot: Missed
02:56,19-15,MIA,201609,goran,dragic,[MIA] Dragic Rebound (Off:2 Def:0)
02:56,19-15,MIA,201609,goran,dragic,[MIA] Dragic Tip Layup Shot: Missed
02:54,19-15,MIA,204020,tyler,johnson,[MIA] Johnson Rebound (Off:1 Def:0)
02:43,19-15,MIA,202355,hassan,whiteside,[MIA] Whiteside Jump Shot: Missed
02:41,19-15,ORL,201145,jeff,green,[ORL] Je Green Rebound (Off:0 Def:1)
02:35,19-15,MIA,202355,hassan,whiteside,[MIA] Whiteside Foul: Personal (2 PF) (T Washington)
02:35,19-15,MIA,202355,hassan,whiteside,[MIA] Whiteside Substitution replaced by Reed
02:35,19-15,ORL,203901,elfrid,payton,[ORL] Payton Substitution replaced by Augustin
02:27,19-15,ORL,203095,evan,fournier,[ORL] Fournier Jump Shot: Missed
02:25,19-15,ORL,1626209,mario,hezonja,[ORL] Hezonja Rebound (Off:1 Def:0)
02:23,19-15,ORL,1626209,mario,hezonja,[ORL] Hezonja Jump Shot: Missed
02:21,19-15,MIA,204020,tyler,johnson,[MIA] Johnson Rebound (Off:1 Def:1)
02:13,19-17,MIA,204020,tyler,johnson,[MIA 17-19] Johnson Running Jump Shot: Made (2 PTS)
01:59,21-17,ORL,201571,d.j.,augustin,[ORL 21-17] Augustin Jump Bank Shot: Made (2 PTS)
01:59,21-17,MIA,201609,goran,dragic,[MIA] Dragic Foul: Shooting (1 PF) (1 FTA) (S Corbin)
01:59,21-17,MIA,201609,goran,dragic,[MIA] Dragic Substitution replaced by Winslow
01:59,22-17,ORL,201571,d.j.,augustin,[ORL 22-17] Augustin Free Throw 1 of 1 (3 PTS)
01:48,22-17,MIA,201949,james,johnson,[MIA] Johnson 3pt Shot: Missed
01:47,22-17,ORL,203095,evan,fournier,[ORL] Fournier Rebound (Off:1 Def:1)
01:41,22-17,MIA,203079,dion,waiters,[MIA] Waiters Substitution replaced by McGruder
01:38,24-17,ORL,203095,evan,fournier,[ORL 24-17] Fournier Jump Shot: Made (5 PTS) Assist: Hezonja (1 AST)
01:25,24-19,MIA,201949,james,johnson,[MIA 19-24] Johnson Layup Shot: Made (2 PTS) Assist: Johnson (1 AST)
01:04,24-19,MIA,203186,willie,reed,[MIA] Reed Foul: Shooting Block (1 PF) (2 FTA) (J VanDuyne)
01:04,24-19,ORL,201145,jeff,green,[ORL] Je Green Free Throw 1 of 2 Missed
01:04,24-19,ORL,,,,[ORL] Team Rebound
01:04,24-19,ORL,202696,nikola,vucevic,[ORL] Vucevic Substitution replaced by Ibaka
01:04,25-19,ORL,201145,jeff,green,[ORL 25-19] Je Green Free Throw 2 of 2 (1 PTS)
00:54.2,25-21,MIA,203186,willie,reed,[MIA 21-25] Reed Hook Shot: Made (2 PTS) Assist: Winslow (1 AST)
00:42.2,25-21,MIA,203585,rodney,mcgruder,[MIA] McGruder Foul: Personal (1 PF) (2 FTA) (T Washington)
00:42.2,26-21,ORL,203095,evan,fournier,[ORL 26-21] Fournier Free Throw 1 of 2 (6 PTS)
00:42.2,27-21,ORL,203095,evan,fournier,[ORL 27-21] Fournier Free Throw 2 of 2 (7 PTS)
00:27.9,27-21,MIA,204020,tyler,johnson,[MIA] Johnson Driving Layup Shot: Missed
00:26.8,27-21,MIA,203186,willie,reed,[MIA] Reed Rebound (Off:1 Def:0)
00:26.8,27-23,MIA,203186,willie,reed,[MIA 23-27] Reed Tip Layup Shot: Made (4 PTS)
00:05.9,27-23,ORL,201586,serge,ibaka,[ORL] Ibaka 3pt Shot: Missed
00:04.8,27-23,MIA,1626159,justise,winslow,[MIA] Winslow Rebound (Off:1 Def:2)
End of 1st Quarter
Start of 2nd Quarter
11:42,27-23,ORL,201586,serge,ibaka,[ORL] Ibaka Jump Shot: Missed
11:40,27-23,MIA,204020,tyler,johnson,[MIA] Johnson Rebound (Off:1 Def:2)
11:33,27-23,MIA,204020,tyler,johnson,[MIA] Johnson Pullup Jump shot: Missed
11:31,27-23,ORL,203932,aaron,gordon,[ORL] Gordon Rebound (Off:0 Def:2)
11:26,27-23,ORL,201145,jeff,green,[ORL] Je Green Running Layup Shot: Missed
11:24,27-23,MIA,203186,willie,reed,[MIA] Reed Rebound (Off:1 Def:1)
11:02,27-23,MIA,1626159,justise,winslow,[MIA] Winslow 3pt Shot: Missed
11:00,27-23,ORL,1626209,mario,hezonja,[ORL] Hezonja Rebound (Off:1 Def:1)
10:51,29-23,ORL,201571,d.j.,augustin,[ORL 29-23] Augustin Jump Shot: Made (5 PTS)
10:33,29-25,MIA,204020,tyler,johnson,[MIA 25-29] Johnson Layup Shot: Made (4 PTS) Assist: Johnson (1 AST)
10:19,29-25,ORL,1626209,mario,hezonja,[ORL] Hezonja Jump Shot: Missed
10:18,29-25,MIA,203186,willie,reed,[MIA] Reed Rebound (Off:1 Def:2)
10:02,29-27,MIA,1626159,justise,winslow,[MIA 27-29] Winslow Floating Jump shot: Made (7 PTS)
09:43,29-27,MIA,203585,rodney,mcgruder,[MIA] McGruder Foul: Shooting (2 PF) (2 FTA) (J VanDuyne)
09:43,29-27,ORL,1626209,mario,hezonja,[ORL] Hezonja Free Throw 1 of 2 Missed
09:43,29-27,ORL,,,,[ORL] Team Rebound
09:43,30-27,ORL,1626209,mario,hezonja,[ORL 30-27] Hezonja Free Throw 2 of 2 (1 PTS)
09:30,30-29,MIA,204020,tyler,johnson,[MIA 29-30] Johnson Jump Shot: Made (6 PTS) Assist: Winslow (2 AST)
09:07,30-29,ORL,203932,aaron,gordon,[ORL] Gordon Jump Shot: Missed
09:06,30-29,ORL,1626209,mario,hezonja,[ORL] Hezonja Rebound (Off:2 Def:1)
08:55,30-29,ORL,1626209,mario,hezonja,[ORL] Hezonja Layup Shot: Missed Block: Winslow (1 BLK)
08:55,30-29,MIA,1626159,justise,winslow,[MIA] Winslow Rebound (Off:1 Def:3)
Official Timeout
08:55,30-29,ORL,201571,d.j.,augustin,Jump Ball Augustin vs Winslow (Reed gains possession)
08:41,30-29,MIA,1626159,justise,winslow,[MIA] Winslow Jump Shot: Missed Block: Gordon (1 BLK)
08:40,30-29,ORL,203932,aaron,gordon,[ORL] Gordon Rebound (Off:0 Def:3)
08:33,30-29,ORL,203932,aaron,gordon,[ORL] Gordon Turnover : Bad Pass (1 TO) Steal:Johnson (1 ST)
08:30,30-31,MIA,204020,tyler,johnson,[MIA 31-30] Johnson Running Dunk Shot: Made (8 PTS)
08:10,30-31,ORL,201586,serge,ibaka,[ORL] Ibaka Turnaround Jump Shot: Missed
08:09,30-31,MIA,204020,tyler,johnson,[MIA] Johnson Rebound (Off:1 Def:3)
08:01,30-31,MIA,1626159,justise,winslow,[MIA] Winslow 3pt Shot: Missed
07:59,30-31,MIA,203186,willie,reed,[MIA] Reed Rebound (Off:2 Def:2)
07:44,30-31,MIA,203585,rodney,mcgruder,[MIA] McGruder Floating Jump shot: Missed
07:43,30-31,ORL,201571,d.j.,augustin,[ORL] Augustin Rebound (Off:0 Def:1)
07:36,32-31,ORL,201145,jeff,green,[ORL 32-31] Je Green Driving Layup Shot: Made (3 PTS) Assist: Augustin (1 AST)
07:22,32-33,MIA,1626159,justise,winslow,[MIA 33-32] Winslow Driving Finger Roll Layup Shot: Made (9 PTS)
07:04,34-33,ORL,201586,serge,ibaka,[ORL 34-33] Ibaka Hook Shot: Made (2 PTS) Assist: Gordon (1 AST)
06:40,34-33,MIA,1626159,justise,winslow,[MIA] Winslow Jump Shot: Missed
06:40,34-33,ORL,,,,[ORL] Team Rebound
06:40,34-33,MIA,1626159,justise,winslow,[MIA] Winslow Substitution replaced by Dragic
06:40,34-33,MIA,204020,tyler,johnson,[MIA] Johnson Substitution replaced by Waiters
06:40,34-33,ORL,201571,d.j.,augustin,[ORL] Augustin Substitution replaced by Payton
06:19,34-33,ORL,203932,aaron,gordon,[ORL] Gordon Foul: Offensive Charge (1 PF) (T Washington)
06:19,34-33,ORL,203932,aaron,gordon,[ORL] Gordon Turnover : Foul (2 TO)
06:19,34-33,MIA,203186,willie,reed,[MIA] Reed Substitution replaced by Whiteside
06:09,34-33,ORL,1626209,mario,hezonja,[ORL] Hezonja Foul: Shooting (1 PF) (2 FTA) (J VanDuyne)
06:09,34-33,ORL,,,,[ORL] Team Timeout : Regular
06:09,34-33,MIA,203585,rodney,mcgruder,[MIA] McGruder Free Throw 1 of 2 Missed
06:09,34-33,MIA,,,,[MIA] Team Rebound
06:09,34-34,MIA,203585,rodney,mcgruder,[MIA 34-34] McGruder Free Throw 2 of 2 (1 PTS)
05:54,34-34,ORL,203901,elfrid,payton,[ORL] Payton 3pt Shot: Missed Block: Whiteside (2 BLK)
05:52,34-34,ORL,203901,elfrid,payton,[ORL] Payton Rebound (Off:2 Def:0)
05:49,34-34,ORL,201586,serge,ibaka,[ORL] Ibaka Turnaround Hook Shot: Missed
05:48,34-34,MIA,203079,dion,waiters,[MIA] Waiters Rebound (Off:0 Def:2)
05:40,34-34,MIA,203079,dion,waiters,[MIA] Waiters Jump Shot: Missed
05:38,34-34,MIA,202355,hassan,whiteside,[MIA] Whiteside Rebound (Off:3 Def:3)
05:36,34-36,MIA,202355,hassan,whiteside,[MIA 36-34] Whiteside Dunk Shot: Made (6 PTS)
05:21,36-36,ORL,1626209,mario,hezonja,[ORL 36-36] Hezonja Pullup Jump shot: Made (3 PTS)
05:04,36-36,MIA,202355,hassan,whiteside,[MIA] Whiteside Hook Shot: Missed
05:02,36-36,ORL,203932,aaron,gordon,[ORL] Gordon Rebound (Off:0 Def:4)
04:54,36-36,MIA,202355,hassan,whiteside,[MIA] Whiteside Violation:Defensive Goaltending (S Corbin)
04:54,38-36,ORL,201145,jeff,green,[ORL 38-36] Je Green Hook Shot: Made (5 PTS) Assist: Gordon (2 AST)
04:43,38-38,MIA,201609,goran,dragic,[MIA 38-38] Dragic Driving Layup Shot: Made (2 PTS)
04:35,38-38,MIA,201609,goran,dragic,[MIA] Dragic Foul: Shooting (2 PF) (2 FTA) (S Corbin)
04:35,39-38,ORL,203901,elfrid,payton,[ORL 39-38] Payton Free Throw 1 of 2 (7 PTS)
04:35,39-38,ORL,1626209,mario,hezonja,[ORL] Hezonja Substitution replaced by Fournier
04:35,39-38,ORL,201145,jeff,green,[ORL] Je Green Substitution replaced by Vucevic
04:35,40-38,ORL,203901,elfrid,payton,[ORL 40-38] Payton Free Throw 2 of 2 (8 PTS)
04:23,40-38,MIA,203585,rodney,mcgruder,[MIA] McGruder 3pt Shot: Missed
04:21,40-38,ORL,201586,serge,ibaka,[ORL] Ibaka Rebound (Off:1 Def:1)
04:15,43-38,ORL,201586,serge,ibaka,[ORL 43-38] Ibaka 3pt Shot: Made (5 PTS) Assist: Gordon (3 AST)
04:04,43-40,MIA,201949,james,johnson,[MIA 40-43] Johnson Layup Shot: Made (4 PTS)
04:04,43-40,ORL,201586,serge,ibaka,[ORL] Ibaka Foul: Shooting (2 PF) (1 FTA) (J VanDuyne)
04:04,43-40,ORL,201586,serge,ibaka,[ORL] Ibaka Substitution replaced by Je Green
04:04,43-41,MIA,201949,james,johnson,[MIA 41-43] Johnson Free Throw 1 of 1 (5 PTS)
03:55,43-41,ORL,203901,elfrid,payton,[ORL] Payton Turnover : Bad Pass (2 TO) Steal:McGruder (1 ST)
03:55,43-41,ORL,203901,elfrid,payton,[ORL] Payton Foul: Personal (1 PF) (S Corbin)
03:46,43-43,MIA,201609,goran,dragic,[MIA 43-43] Dragic Driving Layup Shot: Made (4 PTS) Assist: Johnson (2 AST)
03:33,43-43,ORL,203901,elfrid,payton,[ORL] Payton Driving Layup Shot: Missed
03:31,43-43,ORL,201145,jeff,green,[ORL] Je Green Rebound (Off:1 Def:1)
03:31,43-43,ORL,201145,jeff,green,[ORL] Je Green Tip Layup Shot: Missed
03:29,43-43,MIA,202355,hassan,whiteside,[MIA] Whiteside Rebound (Off:3 Def:4)
03:18,43-43,MIA,202355,hassan,whiteside,[MIA] Whiteside Jump Shot: Missed
03:17,43-43,ORL,201145,jeff,green,[ORL] Je Green Rebound (Off:1 Def:2)
03:12,43-43,MIA,201949,james,johnson,[MIA] Johnson Foul: Personal (1 PF) (T Washington)
03:07,43-43,ORL,203095,evan,fournier,[ORL] Fournier Floating Jump shot: Missed
03:06,43-43,MIA,202355,hassan,whiteside,[MIA] Whiteside Rebound (Off:3 Def:5)
02:47,43-45,MIA,201609,goran,dragic,[MIA 45-43] Dragic Jump Shot: Made (6 PTS)
02:43,43-45,MIA,201609,goran,dragic,[MIA] Dragic Foul: Shooting Block (3 PF) (2 FTA) (S Corbin)
02:43,43-45,MIA,,,,[MIA] Team Timeout : Regular
02:43,43-45,MIA,201609,goran,dragic,[MIA] Dragic Substitution replaced by Winslow
02:43,43-45,MIA,203585,rodney,mcgruder,[MIA] McGruder Substitution replaced by Johnson
02:43,43-45,ORL,201145,jeff,green,[ORL] Je Green Substitution replaced by Ibaka
02:43,44-45,ORL,203901,elfrid,payton,[ORL 44-45] Payton Free Throw 1 of 2 (9 PTS)
02:43,45-45,ORL,203901,elfrid,payton,[ORL 45-45] Payton Free Throw 2 of 2 (10 PTS)
02:25,45-47,MIA,202355,hassan,whiteside,[MIA 47-45] Whiteside Jump Shot: Made (8 PTS) Assist: Johnson (2 AST)
02:04,47-47,ORL,201586,serge,ibaka,[ORL 47-47] Ibaka Layup Shot: Made (7 PTS) Assist: Gordon (4 AST)
01:45,47-47,MIA,1626159,justise,winslow,[MIA] Winslow Jump Shot: Missed
01:41,47-47,ORL,203901,elfrid,payton,[ORL] Payton Rebound (Off:2 Def:1)
01:40,47-47,MIA,1626159,justise,winslow,[MIA] Winslow Foul: Shooting (2 PF) (2 FTA) (J VanDuyne)
01:40,48-47,ORL,203901,elfrid,payton,[ORL 48-47] Payton Free Throw 1 of 2 (11 PTS)
01:40,48-47,MIA,202355,hassan,whiteside,[MIA] Whiteside Substitution replaced by Reed
01:40,49-47,ORL,203901,elfrid,payton,[ORL 49-47] Payton Free Throw 2 of 2 (12 PTS)
01:34,49-47,ORL,203095,evan,fournier,[ORL] Fournier Foul: Personal (1 PF) (S Corbin)
01:26,49-47,MIA,203186,willie,reed,[MIA] Reed Jump Shot: Missed
01:25,49-47,ORL,201586,serge,ibaka,[ORL] Ibaka Rebound (Off:1 Def:2)
01:15,51-47,ORL,202696,nikola,vucevic,[ORL 51-47] Vucevic Hook Shot: Made (7 PTS) Assist: Payton (2 AST)
01:04,51-50,MIA,201949,james,johnson,[MIA 50-51] Johnson 3pt Shot: Made (8 PTS) Assist: Johnson (3 AST)
00:51.5,53-50,ORL,202696,nikola,vucevic,[ORL 53-50] Vucevic Turnaround Jump Shot: Made (9 PTS)
00:35.8,53-50,MIA,204020,tyler,johnson,[MIA] Johnson 3pt Shot: Missed
00:33.9,53-50,ORL,201586,serge,ibaka,[ORL] Ibaka Rebound (Off:1 Def:3)
00:26.8,53-50,ORL,203901,elfrid,payton,[ORL] Payton Pullup Jump shot: Missed
00:24.9,53-50,MIA,203186,willie,reed,[MIA] Reed Rebound (Off:2 Def:3)
00:20.7,53-50,MIA,,,,[MIA] Team Timeout : Short
00:20.7,53-50,ORL,201586,serge,ibaka,[ORL] Ibaka Substitution replaced by Augustin
00:20.7,53-50,MIA,1626159,justise,winslow,[MIA] Winslow Substitution replaced by McGruder
00:20.7,53-50,MIA,201949,james,johnson,[MIA] Johnson Substitution replaced by Babbitt
00:00.9,53-50,MIA,202337,luke,babbitt,[MIA] Babbitt Jump Shot: Missed
00:00.0,53-50,ORL,202696,nikola,vucevic,[ORL] Vucevic Rebound (Off:4 Def:4)
End of 2nd Quarter
Start of 3rd Quarter
11:38,53-50,ORL,203095,evan,fournier,[ORL] Fournier Driving Layup Shot: Missed
11:36,53-50,MIA,202355,hassan,whiteside,[MIA] Whiteside Rebound (Off:3 Def:6)
11:13,53-50,MIA,,,,[MIA] Team Turnover : Shot Clock Turnover
10:58,53-50,ORL,201586,serge,ibaka,[ORL] Ibaka Jump Shot: Missed
10:57,53-50,MIA,203079,dion,waiters,[MIA] Waiters Rebound (Off:0 Def:3)
10:49,53-50,ORL,203095,evan,fournier,[ORL] Fournier Foul: Shooting (2 PF) (2 FTA) (J VanDuyne)
10:49,53-51,MIA,203079,dion,waiters,[MIA 51-53] Waiters Free Throw 1 of 2 (5 PTS)
10:49,53-51,MIA,203079,dion,waiters,[MIA] Waiters Free Throw 2 of 2 Missed
10:48,53-51,ORL,202696,nikola,vucevic,[ORL] Vucevic Rebound (Off:4 Def:5)
10:34,53-51,ORL,203932,aaron,gordon,[ORL] Gordon Turnover : Lost Ball (3 TO) Steal:Winslow (1 ST)
10:30,53-51,MIA,203079,dion,waiters,[MIA] Waiters Running Layup Shot: Missed
10:26,53-51,MIA,201609,goran,dragic,[MIA] Dragic Rebound (Off:3 Def:0)
10:26,53-53,MIA,201609,goran,dragic,[MIA 53-53] Dragic Putback Layup Shot: Made (8 PTS)
10:11,53-53,ORL,202696,nikola,vucevic,[ORL] Vucevic Hook Shot: Missed
10:11,53-53,MIA,,,,[MIA] Team Rebound
10:11,53-53,ORL,201586,serge,ibaka,[ORL] Ibaka Foul: Loose Ball (3 PF) (S Corbin)
10:00,53-55,MIA,203079,dion,waiters,[MIA 55-53] Waiters Layup Shot: Made (7 PTS) Assist: Babbitt (1 AST)
10:00,53-55,MIA,203079,dion,waiters,[MIA] Waiters Technical (S Corbin)
10:00,54-55,ORL,203095,evan,fournier,[ORL 54-55] Fournier Free Throw Technical (8 PTS)
09:49,54-55,ORL,203901,elfrid,payton,[ORL] Payton Layup Shot: Missed Block: Whiteside (3 BLK)
09:46,54-55,MIA,202355,hassan,whiteside,[MIA] Whiteside Rebound (Off:3 Def:7)
09:43,54-57,MIA,201609,goran,dragic,[MIA 57-54] Dragic Running Layup Shot: Made (10 PTS)
09:43,54-57,ORL,,,,[ORL] Team Timeout : Regular
09:26,54-57,MIA,202355,hassan,whiteside,[MIA] Whiteside Violation:Defensive Goaltending (S Corbin)
09:26,56-57,ORL,203932,aaron,gordon,[ORL 56-57] Gordon Layup Shot: Made (7 PTS) Assist: Payton (3 AST)
09:26,56-57,MIA,202355,hassan,whiteside,[MIA] Whiteside Unsportsmanlike Technical (S Corbin)
09:26,56-57,ORL,203095,evan,fournier,[ORL] Fournier Free Throw Technical Missed
09:26,56-57,MIA,,,,[MIA] Team Rebound
09:13,56-57,MIA,202337,luke,babbitt,[MIA] Babbitt Jump Shot: Missed
09:08,56-57,MIA,1626159,justise,winslow,[MIA] Winslow Rebound (Off:2 Def:3)
09:03,56-57,MIA,203079,dion,waiters,[MIA] Waiters Finger Roll Layup Shot: Missed
08:56,56-57,MIA,203079,dion,waiters,[MIA] Waiters Rebound (Off:1 Def:3)
08:56,56-59,MIA,203079,dion,waiters,[MIA 59-56] Waiters Tip Layup Shot: Made (9 PTS)
08:39,56-59,ORL,201586,serge,ibaka,[ORL] Ibaka Hook Shot: Missed
08:37,56-59,MIA,202337,luke,babbitt,[MIA] Babbitt Rebound (Off:0 Def:1)
08:28,56-59,MIA,202337,luke,babbitt,[MIA] Babbitt 3pt Shot: Missed
08:26,56-59,ORL,201586,serge,ibaka,[ORL] Ibaka Rebound (Off:1 Def:4)
08:18,58-59,ORL,202696,nikola,vucevic,[ORL 58-59] Vucevic Jump Shot: Made (11 PTS) Assist: Payton (4 AST)
07:53,58-59,MIA,201609,goran,dragic,[MIA] Dragic Jump Shot: Missed
07:51,58-59,ORL,201586,serge,ibaka,[ORL] Ibaka Rebound (Off:1 Def:5)
07:41,58-59,ORL,203095,evan,fournier,[ORL] Fournier Layup Shot: Missed Block: Whiteside (4 BLK)
07:38,58-59,MIA,201609,goran,dragic,[MIA] Dragic Rebound (Off:3 Def:1)
07:35,58-61,MIA,1626159,justise,winslow,[MIA 61-58] Winslow Running Dunk Shot: Made (11 PTS) Assist: Dragic (3 AST)
07:15,58-61,MIA,203079,dion,waiters,[MIA] Waiters Foul: Personal (1 PF) (T Washington)
07:07,58-61,ORL,203932,aaron,gordon,[ORL] Gordon Jump Shot: Missed
07:04,58-61,MIA,203079,dion,waiters,[MIA] Waiters Rebound (Off:1 Def:4)
06:54,58-63,MIA,202355,hassan,whiteside,[MIA 63-58] Whiteside Dunk Shot: Made (10 PTS) Assist: Waiters (1 AST)
06:43,58-63,ORL,202696,nikola,vucevic,[ORL] Vucevic Layup Shot: Missed
06:41,58-63,ORL,203932,aaron,gordon,[ORL] Gordon Rebound (Off:1 Def:4)
06:41,58-63,ORL,203932,aaron,gordon,[ORL] Gordon Tip Layup Shot: Missed
06:39,58-63,MIA,202355,hassan,whiteside,[MIA] Whiteside Rebound (Off:3 Def:8)
06:31,58-66,MIA,202337,luke,babbitt,[MIA 66-58] Babbitt 3pt Shot: Made (5 PTS) Assist: Waiters (2 AST)
06:30,58-66,ORL,,,,[ORL] Team Timeout : Short
06:30,58-66,ORL,203932,aaron,gordon,[ORL] Gordon Substitution replaced by Augustin
06:30,58-66,MIA,1626159,justise,winslow,[MIA] Winslow Substitution replaced by Johnson
06:13,58-66,MIA,201609,goran,dragic,[MIA] Dragic Foul: Shooting (4 PF) (2 FTA) (T Washington)
06:13,59-66,ORL,201571,d.j.,augustin,[ORL 59-66] Augustin Free Throw 1 of 2 (6 PTS)
06:13,59-66,MIA,201609,goran,dragic,[MIA] Dragic Substitution replaced by McGruder
06:13,60-66,ORL,201571,d.j.,augustin,[ORL 60-66] Augustin Free Throw 2 of 2 (7 PTS)
06:01,60-69,MIA,202337,luke,babbitt,[MIA 69-60] Babbitt 3pt Shot: Made (8 PTS) Assist: Waiters (3 AST)
05:47,60-69,ORL,201586,serge,ibaka,[ORL] Ibaka Hook Shot: Missed
05:45,60-69,ORL,202696,nikola,vucevic,[ORL] Vucevic Rebound (Off:5 Def:5)
05:45,60-69,MIA,204020,tyler,johnson,[MIA] Johnson Rebound (Off:1 Def:4)
05:45,60-69,ORL,202696,nikola,vucevic,[ORL] Vucevic Tip Layup Shot: Missed
05:41,60-69,MIA,204020,tyler,johnson,[MIA] Johnson Foul: Offensive Charge (1 PF) (J VanDuyne)
05:41,60-69,MIA,204020,tyler,johnson,[MIA] Johnson Turnover : Foul (1 TO)
05:24,60-69,ORL,203095,evan,fournier,[ORL] Fournier 3pt Shot: Missed
05:23,60-69,MIA,,,,[MIA] Team Rebound
05:11,60-69,MIA,203585,rodney,mcgruder,[MIA] McGruder Turnover : Bad Pass (1 TO) Steal:Fournier (1 ST)
05:01,63-69,ORL,201586,serge,ibaka,[ORL 63-69] Ibaka 3pt Shot: Made (10 PTS) Assist: Fournier (1 AST)
05:00,63-69,MIA,,,,[MIA] Team Timeout : Regular
05:00,63-69,ORL,201586,serge,ibaka,[ORL] Ibaka Substitution replaced by Je Green
04:47,63-69,MIA,204020,tyler,johnson,[MIA] Johnson Cutting Layup Shot: Missed
04:46,63-69,ORL,202696,nikola,vucevic,[ORL] Vucevic Rebound (Off:5 Def:6)
04:33,63-69,ORL,201145,jeff,green,[ORL] Je Green 3pt Shot: Missed
04:32,63-69,MIA,203079,dion,waiters,[MIA] Waiters Rebound (Off:1 Def:5)
04:24,63-69,MIA,202355,hassan,whiteside,[MIA] Whiteside Layup Shot: Missed
04:23,63-69,MIA,,,,[MIA] Team Rebound
04:18,63-71,MIA,202355,hassan,whiteside,[MIA 71-63] Whiteside Dunk Shot: Made (12 PTS) Assist: Waiters (4 AST)
03:56,65-71,ORL,202696,nikola,vucevic,[ORL 65-71] Vucevic Hook Shot: Made (13 PTS) Assist: Fournier (2 AST)
03:36,65-71,MIA,202337,luke,babbitt,[MIA] Babbitt 3pt Shot: Missed
03:33,65-71,MIA,203585,rodney,mcgruder,[MIA] McGruder Rebound (Off:1 Def:0)
03:25,65-71,ORL,201571,d.j.,augustin,[ORL] Augustin Foul: Shooting (1 PF) (3 FTA) (S Corbin)
03:25,65-72,MIA,203585,rodney,mcgruder,[MIA 72-65] McGruder Free Throw 1 of 3 (2 PTS)
03:25,65-73,MIA,203585,rodney,mcgruder,[MIA 73-65] McGruder Free Throw 2 of 3 (3 PTS)
03:25,65-74,MIA,203585,rodney,mcgruder,[MIA 74-65] McGruder Free Throw 3 of 3 (4 PTS)
03:05,65-74,ORL,203095,evan,fournier,[ORL] Fournier 3pt Shot: Missed
03:04,65-74,MIA,203585,rodney,mcgruder,[MIA] McGruder Rebound (Off:1 Def:1)
02:47,65-74,MIA,202337,luke,babbitt,[MIA] Babbitt 3pt Shot: Missed
02:46,65-74,ORL,202696,nikola,vucevic,[ORL] Vucevic Rebound (Off:5 Def:7)
02:38,65-74,ORL,201571,d.j.,augustin,[ORL] Augustin 3pt Shot: Missed
02:37,65-74,MIA,202355,hassan,whiteside,[MIA] Whiteside Rebound (Off:3 Def:9)
02:20,65-74,MIA,203079,dion,waiters,[MIA] Waiters Jump Shot: Missed
02:18,65-74,MIA,202355,hassan,whiteside,[MIA] Whiteside Rebound (Off:4 Def:9)
02:18,65-76,MIA,202355,hassan,whiteside,[MIA 76-65] Whiteside Tip Layup Shot: Made (14 PTS)
01:44,65-76,ORL,203901,elfrid,payton,[ORL] Payton Turnover : Lost Ball (3 TO) Steal:McGruder (2 ST)
01:33,65-78,MIA,202355,hassan,whiteside,[MIA 78-65] Whiteside Layup Shot: Made (16 PTS) Assist: Babbitt (2 AST)
01:23,65-78,ORL,201145,jeff,green,[ORL] Je Green Turnover : Out of Bounds - Bad Pass Turnover (1 TO)
01:23,65-78,MIA,202337,luke,babbitt,[MIA] Babbitt Substitution replaced by Winslow
01:23,65-78,MIA,203079,dion,waiters,[MIA] Waiters Substitution replaced by Johnson
01:23,65-78,ORL,203901,elfrid,payton,[ORL] Payton Substitution replaced by Hezonja
01:15,65-78,MIA,202355,hassan,whiteside,[MIA] Whiteside Turnover : Out of Bounds - Bad Pass Turnover (1 TO)
01:03,65-78,MIA,203585,rodney,mcgruder,[MIA] McGruder Foul: Personal (3 PF) (J VanDuyne)
01:00,67-78,ORL,203095,evan,fournier,[ORL 67-78] Fournier Jump Shot: Made (10 PTS) Assist: Hezonja (2 AST)
00:47.8,67-78,MIA,1626159,justise,winslow,[MIA] Winslow Jump Shot: Missed
00:46.3,67-78,MIA,1626159,justise,winslow,[MIA] Winslow Rebound (Off:3 Def:3)
00:34.6,67-78,MIA,202355,hassan,whiteside,[MIA] Whiteside Jump Shot: Missed
00:34.1,67-78,MIA,,,,[MIA] Team Rebound
00:34.1,67-78,ORL,203095,evan,fournier,[ORL] Fournier Foul: Loose Ball (3 PF) (J VanDuyne)
00:34.1,67-78,ORL,202696,nikola,vucevic,[ORL] Vucevic Substitution replaced by Ibaka
00:31.5,67-80,MIA,203585,rodney,mcgruder,[MIA 80-67] McGruder Cutting Layup Shot: Made (6 PTS) Assist: Whiteside (1 AST)
00:15.5,67-80,MIA,1626159,justise,winslow,[MIA] Winslow Foul: Shooting (3 PF) (2 FTA) (J VanDuyne)
00:15.5,68-80,ORL,201145,jeff,green,[ORL 68-80] Je Green Free Throw 1 of 2 (6 PTS)
00:15.5,68-80,MIA,202355,hassan,whiteside,[MIA] Whiteside Substitution replaced by Reed
00:15.5,69-80,ORL,201145,jeff,green,[ORL 69-80] Je Green Free Throw 2 of 2 (7 PTS)
End of 3rd Quarter
Start of 4th Quarter
11:50,69-82,MIA,1626159,justise,winslow,[MIA 82-69] Winslow Driving Dunk Shot: Made (13 PTS) Assist: Johnson (3 AST)
11:34,69-82,ORL,201145,jeff,green,[ORL] Je Green 3pt Shot: Missed
11:32,69-82,MIA,203585,rodney,mcgruder,[MIA] McGruder Rebound (Off:1 Def:2)
11:26,69-84,MIA,204020,tyler,johnson,[MIA 84-69] Johnson Dunk Shot: Made (10 PTS) Assist: Winslow (3 AST)
11:26,69-84,ORL,201145,jeff,green,[ORL] Je Green Foul: Shooting (1 PF) (1 FTA) (T Washington)
11:26,69-85,MIA,204020,tyler,johnson,[MIA 85-69] Johnson Free Throw 1 of 1 (11 PTS)
11:21,69-85,MIA,204020,tyler,johnson,[MIA] Johnson Foul: Personal (2 PF) (S Corbin)
11:09,69-85,ORL,1626209,mario,hezonja,[ORL] Hezonja Jump Shot: Missed
11:08,69-85,MIA,1626159,justise,winslow,[MIA] Winslow Rebound (Off:3 Def:4)
11:00,69-87,MIA,203186,willie,reed,[MIA 87-69] Reed Alley Oop Dunk Shot: Made (6 PTS) Assist: Johnson (4 AST)
11:00,69-87,ORL,,,,[ORL] Team Timeout : Regular
10:48,69-87,ORL,201571,d.j.,augustin,[ORL] Augustin Foul: Offensive (2 PF) (S Corbin)
10:48,69-87,ORL,201571,d.j.,augustin,[ORL] Augustin Turnover : Foul (1 TO)
10:48,69-87,ORL,1626209,mario,hezonja,[ORL] Hezonja Substitution replaced by Payton
10:48,69-87,ORL,201571,d.j.,augustin,[ORL] Augustin Substitution replaced by Fournier
10:31,69-87,MIA,201949,james,johnson,[MIA] Johnson Jump Shot: Missed
10:30,69-87,ORL,203932,aaron,gordon,[ORL] Gordon Rebound (Off:1 Def:5)
10:23,69-87,ORL,201586,serge,ibaka,[ORL] Ibaka 3pt Shot: Missed
10:22,69-87,MIA,204020,tyler,johnson,[MIA] Johnson Rebound (Off:1 Def:5)
10:12,69-87,MIA,201949,james,johnson,[MIA] Johnson Layup Shot: Missed Block: Ibaka (1 BLK)
10:10,69-87,ORL,203901,elfrid,payton,[ORL] Payton Rebound (Off:2 Def:2)
10:08,69-87,MIA,203585,rodney,mcgruder,[MIA] McGruder Foul: Shooting (4 PF) (2 FTA) (J VanDuyne)
10:08,70-87,ORL,203095,evan,fournier,[ORL 70-87] Fournier Free Throw 1 of 2 (11 PTS)
10:08,70-87,ORL,203095,evan,fournier,[ORL] Fournier Free Throw 2 of 2 Missed
10:05,70-87,MIA,201949,james,johnson,[MIA] Johnson Rebound (Off:0 Def:1)
09:54,70-89,MIA,204020,tyler,johnson,[MIA 89-70] Johnson Jump Shot: Made (13 PTS) Assist: Winslow (4 AST)
09:35,72-89,ORL,201586,serge,ibaka,[ORL 72-89] Ibaka Finger Roll Layup Shot: Made (12 PTS)
09:13,72-89,MIA,1626159,justise,winslow,[MIA] Winslow Step Back Jump shot: Missed
09:10,72-89,MIA,203186,willie,reed,[MIA] Reed Rebound (Off:3 Def:3)
09:04,72-91,MIA,203186,willie,reed,[MIA 91-72] Reed Alley Oop Dunk Shot: Made (8 PTS) Assist: Johnson (5 AST)
08:53,72-91,ORL,203901,elfrid,payton,[ORL] Payton Layup Shot: Missed Block: Winslow (2 BLK)
08:52,72-91,ORL,,,,[ORL] Team Rebound
08:52,72-91,ORL,201145,jeff,green,[ORL] Je Green Substitution replaced by Vucevic
08:52,72-91,MIA,204020,tyler,johnson,[MIA] Johnson Substitution replaced by Dragic
08:46,74-91,ORL,203095,evan,fournier,[ORL 74-91] Fournier Pullup Jump shot: Made (13 PTS)
08:22,74-91,MIA,1626159,justise,winslow,[MIA] Winslow Turnover : Bad Pass (1 TO) Steal:Vucevic (1 ST)
08:15,77-91,ORL,203932,aaron,gordon,[ORL 77-91] Gordon 3pt Shot: Made (10 PTS) Assist: Fournier (3 AST)
08:13,77-91,MIA,,,,[MIA] Team Timeout : Regular
07:59,77-91,MIA,201609,goran,dragic,[MIA] Dragic 3pt Shot: Missed
07:58,77-91,ORL,201586,serge,ibaka,[ORL] Ibaka Rebound (Off:1 Def:6)
07:40,77-91,ORL,203095,evan,fournier,[ORL] Fournier Finger Roll Layup Shot: Missed
07:38,77-91,MIA,1626159,justise,winslow,[MIA] Winslow Rebound (Off:3 Def:5)
07:24,77-94,MIA,201949,james,johnson,[MIA 94-77] Johnson 3pt Shot: Made (11 PTS) Assist: Dragic (4 AST)
07:10,80-94,ORL,203095,evan,fournier,[ORL 80-94] Fournier 3pt Shot: Made (16 PTS) Assist: Vucevic (2 AST)
06:45,80-96,MIA,201609,goran,dragic,[MIA 96-80] Dragic Pullup Jump shot: Made (12 PTS)
06:35,80-96,ORL,203932,aaron,gordon,[ORL] Gordon Jump Shot: Missed
06:31,80-96,MIA,201949,james,johnson,[MIA] Johnson Rebound (Off:0 Def:2)
06:18,80-98,MIA,203186,willie,reed,[MIA 98-80] Reed Jump Shot: Made (10 PTS) Assist: Johnson (6 AST)
06:11,80-98,ORL,203901,elfrid,payton,[ORL] Payton Layup Shot: Missed Block: Reed (1 BLK)
06:07,80-98,ORL,203932,aaron,gordon,[ORL] Gordon Rebound (Off:2 Def:5)
06:07,82-98,ORL,203932,aaron,gordon,[ORL 82-98] Gordon Tip Layup Shot: Made (12 PTS)
05:56,82-98,MIA,1626159,justise,winslow,[MIA] Winslow Turnover : Bad Pass (2 TO) Steal:Fournier (2 ST)
05:55,82-98,MIA,1626159,justise,winslow,[MIA] Winslow Foul: Personal (4 PF) (S Corbin)
05:55,82-98,MIA,203585,rodney,mcgruder,[MIA] McGruder Substitution replaced by Waiters
05:47,84-98,ORL,203095,evan,fournier,[ORL 84-98] Fournier Pullup Jump shot: Made (18 PTS)
05:22,84-100,MIA,201609,goran,dragic,[MIA 100-84] Dragic Jump Shot: Made (14 PTS) Assist: Reed (1 AST)
05:10,84-100,MIA,203079,dion,waiters,[MIA] Waiters Foul: Personal (2 PF) (T Washington)
05:10,84-100,MIA,1626159,justise,winslow,[MIA] Winslow Substitution replaced by Whiteside
05:10,84-100,MIA,203186,willie,reed,[MIA] Reed Substitution replaced by Johnson
05:01,84-100,ORL,201586,serge,ibaka,[ORL] Ibaka Jump Shot: Missed
05:00,84-100,MIA,201609,goran,dragic,[MIA] Dragic Rebound (Off:3 Def:2)
04:46,84-100,MIA,201949,james,johnson,[MIA] Johnson 3pt Shot: Missed
04:46,84-100,MIA,,,,[MIA] Team Rebound
04:38,84-100,MIA,203079,dion,waiters,[MIA] Waiters Turnover : Bad Pass (1 TO) Steal:Vucevic (2 ST)
04:30,86-100,ORL,203901,elfrid,payton,[ORL 86-100] Payton Layup Shot: Made (14 PTS) Assist: Fournier (4 AST)
04:14,86-100,MIA,202355,hassan,whiteside,[MIA] Whiteside Jump Shot: Missed
04:13,86-100,ORL,202696,nikola,vucevic,[ORL] Vucevic Rebound (Off:5 Def:8)
04:00,86-100,ORL,201586,serge,ibaka,[ORL] Ibaka Layup Shot: Missed
04:00,86-100,ORL,,,,[ORL] Team Rebound
04:00,86-100,MIA,202355,hassan,whiteside,[MIA] Whiteside Foul: Loose Ball (3 PF) (2 FTA) (J VanDuyne)
04:00,87-100,ORL,202696,nikola,vucevic,[ORL 87-100] Vucevic Free Throw 1 of 2 (14 PTS)
04:00,87-100,MIA,201949,james,johnson,[MIA] Johnson Substitution replaced by Winslow
04:00,88-100,ORL,202696,nikola,vucevic,[ORL 88-100] Vucevic Free Throw 2 of 2 (15 PTS)
03:40,88-100,MIA,203079,dion,waiters,[MIA] Waiters Layup Shot: Missed
03:37,88-100,ORL,203932,aaron,gordon,[ORL] Gordon Rebound (Off:2 Def:6)
03:32,88-100,ORL,203095,evan,fournier,[ORL] Fournier 3pt Shot: Missed
03:31,88-100,MIA,201609,goran,dragic,[MIA] Dragic Rebound (Off:3 Def:3)
03:24,88-100,MIA,201609,goran,dragic,[MIA] Dragic Pullup Jump shot: Missed
03:22,88-100,ORL,203095,evan,fournier,[ORL] Fournier Rebound (Off:1 Def:2)
03:02,88-100,ORL,203901,elfrid,payton,[ORL] Payton 3pt Shot: Missed
03:00,88-100,MIA,202355,hassan,whiteside,[MIA] Whiteside Rebound (Off:4 Def:10)
02:54,88-102,MIA,1626159,justise,winslow,[MIA 102-88] Winslow Alley Oop Layup shot: Made (15 PTS) Assist: Dragic (5 AST)
02:39,90-102,ORL,201586,serge,ibaka,[ORL 90-102] Ibaka Jump Shot: Made (14 PTS) Assist: Vucevic (3 AST)
02:14,90-102,ORL,202696,nikola,vucevic,[ORL] Vucevic Foul: Shooting (2 PF) (2 FTA) (S Corbin)
Official Timeout
02:14,90-102,ORL,203932,aaron,gordon,[ORL] Gordon Substitution replaced by Augustin
02:14,90-102,ORL,201586,serge,ibaka,[ORL] Ibaka Substitution replaced by Je Green
02:14,90-103,MIA,201609,goran,dragic,[MIA 103-90] Dragic Free Throw 1 of 2 (15 PTS)
02:14,90-104,MIA,201609,goran,dragic,[MIA 104-90] Dragic Free Throw 2 of 2 (16 PTS)
02:02,92-104,ORL,202696,nikola,vucevic,[ORL 92-104] Vucevic Jump Shot: Made (17 PTS) Assist: Payton (5 AST)
01:41,92-104,ORL,202696,nikola,vucevic,[ORL] Vucevic Foul: Shooting (3 PF) (2 FTA) (J VanDuyne)
01:41,92-104,MIA,202355,hassan,whiteside,[MIA] Whiteside Free Throw 1 of 2 Missed
01:41,92-104,MIA,,,,[MIA] Team Rebound
01:41,92-104,MIA,202355,hassan,whiteside,[MIA] Whiteside Free Throw 2 of 2 Missed
01:40,92-104,ORL,203095,evan,fournier,[ORL] Fournier Rebound (Off:1 Def:3)
01:40,92-104,ORL,,,,[ORL] Team Timeout : Short
01:40,92-104,ORL,201571,d.j.,augustin,[ORL] Augustin Substitution replaced by Ibaka
01:32,94-104,ORL,203095,evan,fournier,[ORL 94-104] Fournier Pullup Jump shot: Made (20 PTS)
01:13,94-104,MIA,201609,goran,dragic,[MIA] Dragic Jump Shot: Missed Block: Payton (2 BLK)
01:12,94-104,ORL,202696,nikola,vucevic,[ORL] Vucevic Rebound (Off:5 Def:9)
01:12,94-104,ORL,202696,nikola,vucevic,[ORL] Vucevic Turnover : Out of Bounds - Bad Pass Turnover (1 TO)
01:09,94-104,MIA,203079,dion,waiters,[MIA] Waiters Fadeaway Jump Shot: Missed
01:08,94-104,MIA,,,,[MIA] Team Rebound
01:08,94-104,MIA,,,,[MIA] Team Turnover : Shot Clock Turnover
00:55.3,94-104,ORL,203095,evan,fournier,[ORL] Fournier Turnover : Bad Pass (1 TO) Steal:Johnson (2 ST)
00:53.4,94-106,MIA,204020,tyler,johnson,[MIA 106-94] Johnson Running Dunk Shot: Made (15 PTS)
00:49.9,94-106,ORL,203901,elfrid,payton,[ORL] Payton Turnover : Double Dribble (4 TO)
00:29.6,94-108,MIA,202355,hassan,whiteside,[MIA 108-94] Whiteside Alley Oop Dunk Shot: Made (18 PTS) Assist: Dragic (6 AST)
00:22.5,96-108,ORL,203901,elfrid,payton,[ORL 96-108] Payton Jump Shot: Made (16 PTS)
End of 4th Quarter
***End of scrape***