201568,danilo,gallinari,203999,nikola,jokic,203994,jusuf,nurkic,203115,will,barton,1626144,emmanuel,mudiay,201163,wilson,chandler,2749,jameer,nelson,202702,kenneth,faried,1627750,jamal,murray
203090,maurice,harkless,202329,al-farouq,aminu,203486,mason,plumlee,203468,cj,mccollum,203081,damian,lillard,202323,evan,turner,203459,allen,crabbe,202334,ed,davis,203943,noah,vonleh,203086,meyers,leonard,203894,shabazz,napier
Start of 1st Quarter
12:00,0-0,DEN,203994,jusuf,nurkic,Jump Ball Nurkic vs Plumlee (McCollum gains possession)
11:42,0-2,POR,203486,mason,plumlee,[POR 2-0] Plumlee Floating Jump shot: Made (2 PTS) Assist: Aminu (1 AST)
11:24,0-2,DEN,203999,nikola,jokic,[DEN] Jokic Jump Shot: Missed
11:22,0-2,DEN,203994,jusuf,nurkic,[DEN] Nurkic Rebound (Off:1 Def:0)
11:22,0-2,DEN,203994,jusuf,nurkic,[DEN] Nurkic Tip Layup Shot: Missed
11:19,0-2,DEN,203999,nikola,jokic,[DEN] Jokic Rebound (Off:1 Def:0)
11:19,2-2,DEN,203999,nikola,jokic,[DEN 2-2] Jokic Putback Layup Shot: Made (2 PTS)
11:00,2-4,POR,203081,damian,lillard,[POR 4-2] Lillard Fadeaway Jump Shot: Made (2 PTS)
10:45,2-4,DEN,1626144,emmanuel,mudiay,[DEN] Mudiay Jump Shot: Missed
10:43,2-4,POR,203081,damian,lillard,[POR] Lillard Rebound (Off:0 Def:1)
10:36,2-4,POR,202329,al-farouq,aminu,[POR] Aminu 3pt Shot: Missed
10:35,2-4,POR,203468,cj,mccollum,[POR] McCollum Rebound (Off:1 Def:0)
10:31,2-6,POR,203468,cj,mccollum,[POR 6-2] McCollum Floating Jump shot: Made (2 PTS)
10:19,2-6,DEN,203115,will,barton,[DEN] Barton Jump Shot: Missed
10:17,2-6,POR,202329,al-farouq,aminu,[POR] Aminu Rebound (Off:0 Def:1)
10:07,2-6,POR,203081,damian,lillard,[POR] Lillard Hook Shot: Missed
10:06,2-6,DEN,1626144,emmanuel,mudiay,[DEN] Mudiay Rebound (Off:0 Def:1)
10:00,4-6,DEN,1626144,emmanuel,mudiay,[DEN 4-6] Mudiay Driving Layup Shot: Made (2 PTS)
09:47,4-6,POR,203468,cj,mccollum,[POR] McCollum Pullup Jump shot: Missed
09:46,4-6,POR,203468,cj,mccollum,[POR] McCollum Rebound (Off:2 Def:0)
09:39,4-6,POR,202329,al-farouq,aminu,[POR] Aminu 3pt Shot: Missed
09:38,4-6,DEN,203115,will,barton,[DEN] Barton Rebound (Off:0 Def:1)
09:32,4-6,DEN,201568,danilo,gallinari,[DEN] Gallinari 3pt Shot: Missed
09:31,4-6,DEN,203994,jusuf,nurkic,[DEN] Nurkic Rebound (Off:2 Def:0)
09:26,6-6,DEN,203994,jusuf,nurkic,[DEN 6-6] Nurkic Turnaround Bank shot: Made (2 PTS)
09:10,6-9,POR,203090,maurice,harkless,[POR 9-6] Harkless 3pt Shot: Made (3 PTS) Assist: Lillard (1 AST)
08:57,6-9,DEN,1626144,emmanuel,mudiay,[DEN] Mudiay Jump Shot: Missed
08:56,6-9,POR,203486,mason,plumlee,[POR] Plumlee Rebound (Off:0 Def:1)
08:48,6-11,POR,203081,damian,lillard,[POR 11-6] Lillard Driving Reverse Layup Shot: Made (4 PTS)
08:48,6-11,DEN,,,,[DEN] Team Timeout : Regular
08:29,8-11,DEN,203994,jusuf,nurkic,[DEN 8-11] Nurkic Layup Shot: Made (4 PTS)
08:06,8-14,POR,202329,al-farouq,aminu,[POR 14-8] Aminu 3pt Shot: Made (3 PTS) Assist: Lillard (2 AST)
07:56,8-14,DEN,1626144,emmanuel,mudiay,[DEN] Mudiay Turnover : Lost Ball (1 TO) Steal:Lillard (1 ST)
07:44,8-14,POR,203468,cj,mccollum,[POR] McCollum Jump Shot: Missed
07:43,8-14,POR,202329,al-farouq,aminu,[POR] Aminu Rebound (Off:1 Def:1)
07:41,8-14,DEN,203999,nikola,jokic,[DEN] Jokic Substitution replaced by Chandler
07:37,8-14,POR,203486,mason,plumlee,[POR] Plumlee Hook Shot: Missed Block: Nurkic (1 BLK)
07:36,8-14,DEN,1626144,emmanuel,mudiay,[DEN] Mudiay Rebound (Off:0 Def:2)
07:30,8-14,DEN,1626144,emmanuel,mudiay,[DEN] Mudiay Turnover : Lost Ball (2 TO) Steal:Lillard (2 ST)
07:28,8-14,DEN,203115,will,barton,[DEN] Barton Foul: Shooting (1 PF) (2 FTA) (P Fraher)
07:28,8-14,POR,202329,al-farouq,aminu,[POR] Aminu Free Throw 1 of 2 Missed
07:28,8-14,POR,,,,[POR] Team Rebound
07:28,8-15,POR,202329,al-farouq,aminu,[POR 15-8] Aminu Free Throw 2 of 2 (4 PTS)
07:11,10-15,DEN,201568,danilo,gallinari,[DEN 10-15] Gallinari Fadeaway Jump Shot: Made (2 PTS)
06:49,10-15,POR,203081,damian,lillard,[POR] Lillard Jump Shot: Missed
06:48,10-15,POR,203081,damian,lillard,[POR] Lillard Rebound (Off:1 Def:1)
06:44,10-15,POR,203468,cj,mccollum,[POR] McCollum 3pt Shot: Missed
06:43,10-15,DEN,201568,danilo,gallinari,[DEN] Gallinari Rebound (Off:0 Def:1)
06:40,10-15,POR,202329,al-farouq,aminu,[POR] Aminu Foul: Personal (1 PF) (B Adams)
06:25,12-15,DEN,203994,jusuf,nurkic,[DEN 12-15] Nurkic Turnaround Jump Shot: Made (6 PTS) Assist: Barton (1 AST)
06:00,12-15,POR,203468,cj,mccollum,[POR] McCollum Jump Shot: Missed
05:59,12-15,DEN,201163,wilson,chandler,[DEN] Chandler Rebound (Off:0 Def:1)
05:47,14-15,DEN,201163,wilson,chandler,[DEN 14-15] Chandler Jump Bank Shot: Made (2 PTS) Assist: Nurkic (1 AST)
05:31,14-18,POR,203090,maurice,harkless,[POR 18-14] Harkless 3pt Shot: Made (6 PTS) Assist: Lillard (3 AST)
05:16,14-18,DEN,201568,danilo,gallinari,[DEN] Gallinari Finger Roll Layup Shot: Missed
05:16,14-18,POR,203486,mason,plumlee,[POR] Plumlee Rebound (Off:0 Def:2)
05:08,14-18,POR,203090,maurice,harkless,[POR] Harkless Dunk Shot: Missed Block: Barton (1 BLK)
05:07,14-18,DEN,1626144,emmanuel,mudiay,[DEN] Mudiay Rebound (Off:0 Def:3)
05:06,14-18,POR,203468,cj,mccollum,[POR] McCollum Foul: Personal (1 PF) (P Fraher)
05:06,14-18,POR,,,,[POR] Team Timeout : Regular
05:06,14-18,POR,202329,al-farouq,aminu,[POR] Aminu Substitution replaced by Turner
05:06,14-18,POR,203468,cj,mccollum,[POR] McCollum Substitution replaced by Crabbe
04:57,14-18,POR,203486,mason,plumlee,[POR] Plumlee Foul: Shooting (1 PF) (2 FTA) (T Maddox)
04:57,15-18,DEN,203994,jusuf,nurkic,[DEN 15-18] Nurkic Free Throw 1 of 2 (7 PTS)
04:57,16-18,DEN,203994,jusuf,nurkic,[DEN 16-18] Nurkic Free Throw 2 of 2 (8 PTS)
04:40,16-20,POR,203486,mason,plumlee,[POR 20-16] Plumlee Jump Shot: Made (4 PTS) Assist: Crabbe (1 AST)
04:21,18-20,DEN,201568,danilo,gallinari,[DEN 18-20] Gallinari Jump Shot: Made (4 PTS)
04:09,18-20,DEN,203994,jusuf,nurkic,[DEN] Nurkic Violation:Kicked Ball (T Maddox)
03:52,18-22,POR,202323,evan,turner,[POR 22-18] Turner Turnaround Jump Shot: Made (2 PTS)
03:41,18-22,DEN,201568,danilo,gallinari,[DEN] Gallinari Fadeaway Jump Shot: Missed
03:40,18-22,POR,203459,allen,crabbe,[POR] Crabbe Rebound (Off:0 Def:1)
03:32,18-24,POR,203081,damian,lillard,[POR 24-18] Lillard Driving Layup Shot: Made (6 PTS)
03:19,18-24,DEN,1626144,emmanuel,mudiay,[DEN] Mudiay Turnover : Out of Bounds - Bad Pass Turnover (3 TO)
03:19,18-24,DEN,1626144,emmanuel,mudiay,[DEN] Mudiay Substitution replaced by Nelson
03:19,18-24,DEN,203994,jusuf,nurkic,[DEN] Nurkic Substitution replaced by Faried
03:19,18-24,POR,203486,mason,plumlee,[POR] Plumlee Substitution replaced by Davis
03:01,18-24,POR,202323,evan,turner,[POR] Turner Turnaround Jump Shot: Missed
03:01,18-24,DEN,,,,[DEN] Team Rebound
03:01,18-24,POR,202334,ed,davis,[POR] Davis Foul: Loose Ball (1 PF) (B Adams)
02:45,18-24,DEN,203115,will,barton,[DEN] Barton Cutting Dunk Shot: Missed
02:42,18-24,POR,203459,allen,crabbe,[POR] Crabbe Rebound (Off:0 Def:2)
02:35,18-24,POR,203459,allen,crabbe,[POR] Crabbe 3pt Shot: Missed
02:34,18-24,DEN,202702,kenneth,faried,[DEN] Faried Rebound (Off:0 Def:1)
02:29,18-24,POR,203090,maurice,harkless,[POR] Harkless Foul: Personal (1 PF) (2 FTA) (P Fraher)
02:29,19-24,DEN,201568,danilo,gallinari,[DEN 19-24] Gallinari Free Throw 1 of 2 (5 PTS)
02:29,19-24,POR,203090,maurice,harkless,[POR] Harkless Substitution replaced by Aminu
02:29,19-24,POR,203081,damian,lillard,[POR] Lillard Substitution replaced by McCollum
02:29,20-24,DEN,201568,danilo,gallinari,[DEN 20-24] Gallinari Free Throw 2 of 2 (6 PTS)
02:12,20-24,POR,202334,ed,davis,[POR] Davis Turnover : 3 Second Violation (1 TO)
01:52,20-24,DEN,201163,wilson,chandler,[DEN] Chandler Turnover : Lost Ball (1 TO) Steal:Davis (1 ST)
01:47,20-26,POR,203459,allen,crabbe,[POR 26-20] Crabbe Layup Shot: Made (2 PTS) Assist: McCollum (1 AST)
01:36,20-26,POR,202334,ed,davis,[POR] Davis Foul: Shooting (2 PF) (2 FTA) (P Fraher)
01:36,21-26,DEN,203115,will,barton,[DEN 21-26] Barton Free Throw 1 of 2 (1 PTS)
01:36,21-26,DEN,201568,danilo,gallinari,[DEN] Gallinari Substitution replaced by Jokic
01:36,22-26,DEN,203115,will,barton,[DEN 22-26] Barton Free Throw 2 of 2 (2 PTS)
01:20,22-28,POR,202334,ed,davis,[POR 28-22] Davis Cutting Dunk Shot: Made (2 PTS) Assist: McCollum (2 AST)
01:05,22-28,DEN,201163,wilson,chandler,[DEN] Chandler Running Jump Shot: Missed
01:05,22-28,DEN,202702,kenneth,faried,[DEN] Faried Rebound (Off:1 Def:1)
01:05,22-28,POR,202329,al-farouq,aminu,[POR] Aminu Foul: Shooting (2 PF) (2 FTA) (T Maddox)
01:05,23-28,DEN,202702,kenneth,faried,[DEN 23-28] Faried Free Throw 1 of 2 (1 PTS)
01:05,23-28,DEN,203115,will,barton,[DEN] Barton Substitution replaced by Murray
01:05,24-28,DEN,202702,kenneth,faried,[DEN 24-28] Faried Free Throw 2 of 2 (2 PTS)
00:53.5,24-31,POR,203459,allen,crabbe,[POR 31-24] Crabbe 3pt Shot: Made (5 PTS) Assist: Davis (1 AST)
00:45.2,24-31,POR,202329,al-farouq,aminu,[POR] Aminu Foul: Personal (3 PF) (2 FTA) (P Fraher)
00:45.2,25-31,DEN,202702,kenneth,faried,[DEN 25-31] Faried Free Throw 1 of 2 (3 PTS)
00:45.2,25-31,POR,202329,al-farouq,aminu,[POR] Aminu Substitution replaced by Vonleh
00:45.2,25-31,DEN,202702,kenneth,faried,[DEN] Faried Free Throw 2 of 2 Missed
00:43.9,25-31,POR,203943,noah,vonleh,[POR] Vonleh Rebound (Off:0 Def:1)
00:30.5,25-31,POR,203468,cj,mccollum,[POR] McCollum Jump Shot: Missed
00:29.9,25-31,DEN,203999,nikola,jokic,[DEN] Jokic Rebound (Off:1 Def:1)
00:20.6,28-31,DEN,2749,jameer,nelson,[DEN 28-31] Nelson 3pt Shot: Made (3 PTS) Assist: Murray (1 AST)
00:06.9,28-31,DEN,1627750,jamal,murray,[DEN] Murray Foul: Personal Take (1 PF) (B Adams)
00:06.9,28-31,POR,203943,noah,vonleh,[POR] Vonleh Substitution replaced by Lillard
00:06.9,28-31,DEN,203999,nikola,jokic,[DEN] Jokic Substitution replaced by Barton
00:01.7,28-31,DEN,202702,kenneth,faried,[DEN] Faried Foul: Shooting (1 PF) (2 FTA) (B Adams)
00:01.7,28-32,POR,203081,damian,lillard,[POR 32-28] Lillard Free Throw 1 of 2 (7 PTS)
00:01.7,28-33,POR,203081,damian,lillard,[POR 33-28] Lillard Free Throw 2 of 2 (8 PTS)
00:00.8,28-33,DEN,201163,wilson,chandler,[DEN] Chandler Turnover : Bad Pass (2 TO) Steal:McCollum (1 ST)
00:00.3,28-33,POR,203468,cj,mccollum,[POR] McCollum 3pt Shot: Missed
00:00.0,28-33,POR,,,,[POR] Team Rebound
End of 1st Quarter
Start of 2nd Quarter
11:34,30-33,DEN,201163,wilson,chandler,[DEN 30-33] Chandler Driving Layup Shot: Made (4 PTS)
11:17,30-33,DEN,202702,kenneth,faried,Jump Ball Faried vs Davis (Crabbe gains possession)
11:09,30-33,POR,203459,allen,crabbe,[POR] Crabbe 3pt Shot: Missed
11:07,30-33,DEN,201163,wilson,chandler,[DEN] Chandler Rebound (Off:0 Def:2)
10:58,30-33,DEN,201163,wilson,chandler,[DEN] Chandler Jump Shot: Missed
10:57,30-33,POR,202323,evan,turner,[POR] Turner Rebound (Off:0 Def:1)
10:47,30-35,POR,202323,evan,turner,[POR 35-30] Turner Pullup Jump shot: Made (4 PTS)
10:27,30-35,DEN,203999,nikola,jokic,[DEN] Jokic 3pt Shot: Missed
10:25,30-35,POR,202334,ed,davis,[POR] Davis Rebound (Off:0 Def:1)
10:15,30-35,POR,203468,cj,mccollum,[POR] McCollum Jump Shot: Missed
10:13,30-35,DEN,203999,nikola,jokic,[DEN] Jokic Rebound (Off:1 Def:2)
10:10,30-35,POR,202334,ed,davis,[POR] Davis Foul: Shooting (3 PF) (2 FTA) (T Maddox)
10:10,31-35,DEN,203999,nikola,jokic,[DEN 31-35] Jokic Free Throw 1 of 2 (3 PTS)
10:10,31-35,POR,202334,ed,davis,[POR] Davis Substitution replaced by Leonard
10:10,31-35,DEN,203999,nikola,jokic,[DEN] Jokic Free Throw 2 of 2 Missed
10:07,31-35,POR,203943,noah,vonleh,[POR] Vonleh Rebound (Off:0 Def:2)
09:55,31-35,POR,203468,cj,mccollum,[POR] McCollum Driving Finger Roll Layup Shot: Missed
09:54,31-35,DEN,1627750,jamal,murray,[DEN] Murray Rebound (Off:0 Def:1)
09:46,31-35,DEN,1627750,jamal,murray,[DEN] Murray Driving Layup Shot: Missed
09:46,31-35,POR,203943,noah,vonleh,[POR] Vonleh Rebound (Off:0 Def:3)
09:42,31-35,DEN,201163,wilson,chandler,[DEN] Chandler Foul: Personal (1 PF) (T Maddox)
09:35,31-35,DEN,2749,jameer,nelson,[DEN] Nelson Foul: Shooting (1 PF) (2 FTA) (P Fraher)
09:35,31-36,POR,203459,allen,crabbe,[POR 36-31] Crabbe Free Throw 1 of 2 (6 PTS)
09:35,31-37,POR,203459,allen,crabbe,[POR 37-31] Crabbe Free Throw 2 of 2 (7 PTS)
09:28,31-37,POR,203459,allen,crabbe,[POR] Crabbe Foul: Personal (1 PF) (B Adams)
09:24,31-37,POR,203468,cj,mccollum,[POR] McCollum Foul: Personal (2 PF) (P Fraher)
09:17,34-37,DEN,201163,wilson,chandler,[DEN 34-37] Chandler 3pt Shot: Made (7 PTS) Assist: Nelson (1 AST)
09:17,34-37,POR,203086,meyers,leonard,[POR] Leonard Foul: Away From Play (1 PF) (1 FTA) (B Adams)
09:17,35-37,DEN,203999,nikola,jokic,[DEN 35-37] Jokic Free Throw 1 of 1 (4 PTS)
09:00,35-39,POR,202323,evan,turner,[POR 39-35] Turner Turnaround Jump Shot: Made (6 PTS)
08:47,35-39,DEN,203999,nikola,jokic,[DEN] Jokic Jump Shot: Missed
08:45,35-39,DEN,203999,nikola,jokic,[DEN] Jokic Rebound (Off:2 Def:2)
08:45,37-39,DEN,203999,nikola,jokic,[DEN 37-39] Jokic Putback Layup Shot: Made (6 PTS)
08:30,37-41,POR,203468,cj,mccollum,[POR 41-37] McCollum Jump Shot: Made (4 PTS)
08:18,37-41,DEN,1627750,jamal,murray,[DEN] Murray Jump Shot: Missed
08:17,37-41,POR,203086,meyers,leonard,[POR] Leonard Rebound (Off:0 Def:1)
08:12,37-44,POR,203468,cj,mccollum,[POR 44-37] McCollum 3pt Shot: Made (7 PTS) Assist: Crabbe (2 AST)
08:10,37-44,DEN,,,,[DEN] Team Timeout : Regular
07:52,39-44,DEN,201163,wilson,chandler,[DEN 39-44] Chandler Floating Jump shot: Made (9 PTS) Assist: Faried (1 AST)
07:39,39-44,POR,203086,meyers,leonard,[POR] Leonard 3pt Shot: Missed
07:39,39-44,DEN,203999,nikola,jokic,[DEN] Jokic Rebound (Off:2 Def:3)
07:34,39-44,DEN,2749,jameer,nelson,[DEN] Nelson 3pt Shot: Missed
07:33,39-44,POR,,,,[POR] Team Rebound
07:33,39-44,POR,203468,cj,mccollum,[POR] McCollum Substitution replaced by Lillard
07:33,39-44,DEN,201163,wilson,chandler,[DEN] Chandler Substitution replaced by Gallinari
07:22,39-44,POR,203459,allen,crabbe,[POR] Crabbe Jump Shot: Missed
07:21,39-44,POR,,,,[POR] Team Rebound
07:21,39-44,DEN,203999,nikola,jokic,[DEN] Jokic Foul: Loose Ball (1 PF) (B Adams)
07:21,39-44,DEN,202702,kenneth,faried,[DEN] Faried Substitution replaced by Nurkic
07:21,39-44,DEN,1627750,jamal,murray,[DEN] Murray Substitution replaced by Barton
07:11,39-46,POR,203081,damian,lillard,[POR 46-39] Lillard Driving Finger Roll Layup Shot: Made (10 PTS)
07:03,39-46,DEN,203994,jusuf,nurkic,[DEN] Nurkic Cutting Layup Shot: Missed Block: Leonard (1 BLK)
07:02,39-46,DEN,,,,[DEN] Team Rebound
06:54,39-46,POR,202323,evan,turner,[POR] Turner Foul: Shooting (1 PF) (3 FTA) (B Adams)
06:54,40-46,DEN,201568,danilo,gallinari,[DEN 40-46] Gallinari Free Throw 1 of 3 (7 PTS)
06:54,40-46,DEN,201568,danilo,gallinari,[DEN] Gallinari Free Throw 2 of 3 Missed
06:54,40-46,DEN,,,,[DEN] Team Rebound
06:54,41-46,DEN,201568,danilo,gallinari,[DEN 41-46] Gallinari Free Throw 3 of 3 (8 PTS)
06:39,41-48,POR,203081,damian,lillard,[POR 48-41] Lillard Step Back Jump shot: Made (12 PTS)
06:26,41-48,DEN,201568,danilo,gallinari,[DEN] Gallinari Fadeaway Jump Shot: Missed
06:25,41-48,POR,203943,noah,vonleh,[POR] Vonleh Rebound (Off:0 Def:4)
06:17,41-51,POR,203081,damian,lillard,[POR 51-41] Lillard 3pt Shot: Made (15 PTS)
06:04,41-51,DEN,203994,jusuf,nurkic,[DEN] Nurkic Layup Shot: Missed
06:03,41-51,DEN,203994,jusuf,nurkic,[DEN] Nurkic Rebound (Off:3 Def:0)
06:02,41-51,DEN,203994,jusuf,nurkic,[DEN] Nurkic Turnover : Out of Bounds Lost Ball Turnover (1 TO)
06:02,41-51,POR,202323,evan,turner,[POR] Turner Substitution replaced by Harkless
06:02,41-51,DEN,2749,jameer,nelson,[DEN] Nelson Substitution replaced by Mudiay
05:47,41-51,POR,203081,damian,lillard,[POR] Lillard 3pt Shot: Missed
05:46,41-51,DEN,203115,will,barton,[DEN] Barton Rebound (Off:0 Def:2)
05:37,43-51,DEN,203115,will,barton,[DEN 43-51] Barton Floating Jump shot: Made (4 PTS)
05:20,43-51,POR,203086,meyers,leonard,[POR] Leonard 3pt Shot: Missed
05:19,43-51,DEN,201568,danilo,gallinari,[DEN] Gallinari Rebound (Off:0 Def:2)
05:14,43-51,DEN,203115,will,barton,[DEN] Barton Foul: Offensive Charge (2 PF) (T Maddox)
05:14,43-51,DEN,203115,will,barton,[DEN] Barton Turnover : Foul (1 TO)
Official Timeout
05:14,43-51,POR,203943,noah,vonleh,[POR] Vonleh Substitution replaced by Plumlee
05:01,43-54,POR,203086,meyers,leonard,[POR 54-43] Leonard 3pt Shot: Made (3 PTS) Assist: Lillard (4 AST)
04:40,43-54,DEN,203994,jusuf,nurkic,[DEN] Nurkic Hook Shot: Missed
04:39,43-54,POR,203459,allen,crabbe,[POR] Crabbe Rebound (Off:0 Def:3)
04:24,43-54,POR,203090,maurice,harkless,[POR] Harkless Driving Layup Shot: Missed
04:22,43-54,DEN,203994,jusuf,nurkic,[DEN] Nurkic Rebound (Off:3 Def:1)
04:20,43-54,POR,203090,maurice,harkless,[POR] Harkless Foul: Shooting (2 PF) (2 FTA) (P Fraher)
04:20,44-54,DEN,201568,danilo,gallinari,[DEN 44-54] Gallinari Free Throw 1 of 2 (9 PTS)
04:20,45-54,DEN,201568,danilo,gallinari,[DEN 45-54] Gallinari Free Throw 2 of 2 (10 PTS)
04:10,45-56,POR,203081,damian,lillard,[POR 56-45] Lillard Cutting Dunk Shot: Made (17 PTS) Assist: Plumlee (1 AST)
03:56,45-56,DEN,201568,danilo,gallinari,[DEN] Gallinari Turnover : Out of Bounds - Bad Pass Turnover (1 TO)
03:56,45-56,DEN,203999,nikola,jokic,[DEN] Jokic Substitution replaced by Chandler
03:40,45-58,POR,203081,damian,lillard,[POR 58-45] Lillard Floating Jump shot: Made (19 PTS) Assist: Plumlee (2 AST)
03:40,45-58,DEN,,,,[DEN] Team Timeout : Short
03:24,45-58,DEN,201568,danilo,gallinari,[DEN] Gallinari Fadeaway Jump Shot: Missed
03:23,45-58,POR,203090,maurice,harkless,[POR] Harkless Rebound (Off:0 Def:1)
03:12,45-58,POR,203090,maurice,harkless,[POR] Harkless Finger Roll Layup Shot: Missed
03:11,45-58,DEN,203994,jusuf,nurkic,[DEN] Nurkic Rebound (Off:3 Def:2)
03:04,45-58,POR,203090,maurice,harkless,[POR] Harkless Foul: Shooting (3 PF) (2 FTA) (P Fraher)
03:04,45-58,DEN,1626144,emmanuel,mudiay,[DEN] Mudiay Free Throw 1 of 2 Missed
03:04,45-58,DEN,,,,[DEN] Team Rebound
03:04,45-58,POR,203090,maurice,harkless,[POR] Harkless Substitution replaced by Turner
03:04,46-58,DEN,1626144,emmanuel,mudiay,[DEN 46-58] Mudiay Free Throw 2 of 2 (3 PTS)
02:48,46-60,POR,203486,mason,plumlee,[POR 60-46] Plumlee Alley Oop Dunk Shot: Made (6 PTS) Assist: Lillard (5 AST)
02:36,48-60,DEN,203115,will,barton,[DEN 48-60] Barton Running Jump Shot: Made (6 PTS)
02:14,48-60,POR,203086,meyers,leonard,[POR] Leonard 3pt Shot: Missed
02:13,48-60,DEN,203994,jusuf,nurkic,[DEN] Nurkic Rebound (Off:3 Def:3)
02:09,48-60,POR,203459,allen,crabbe,[POR] Crabbe Foul: Shooting (2 PF) (2 FTA) (T Maddox)
02:09,48-60,POR,,,,[POR] Team Timeout : Regular
02:09,48-60,POR,203459,allen,crabbe,[POR] Crabbe Substitution replaced by McCollum
02:09,49-60,DEN,203115,will,barton,[DEN 49-60] Barton Free Throw 1 of 2 (7 PTS)
02:09,50-60,DEN,203115,will,barton,[DEN 50-60] Barton Free Throw 2 of 2 (8 PTS)
01:58,50-60,POR,203486,mason,plumlee,[POR] Plumlee Alley Oop Layup shot: Missed
01:57,50-60,DEN,203994,jusuf,nurkic,[DEN] Nurkic Rebound (Off:3 Def:4)
01:45,50-60,DEN,1626144,emmanuel,mudiay,[DEN] Mudiay Driving Layup Shot: Missed
01:44,50-60,DEN,203994,jusuf,nurkic,[DEN] Nurkic Rebound (Off:4 Def:4)
01:44,52-60,DEN,203994,jusuf,nurkic,[DEN 52-60] Nurkic Tip Layup Shot: Made (10 PTS)
01:33,52-60,DEN,203994,jusuf,nurkic,[DEN] Nurkic Foul: Personal Block (1 PF) (T Maddox)
01:23,52-62,POR,203081,damian,lillard,[POR 62-52] Lillard Driving Reverse Layup Shot: Made (21 PTS)
01:03,52-62,DEN,203115,will,barton,[DEN] Barton Running Jump Shot: Missed Block: McCollum (1 BLK)
01:03,52-62,DEN,,,,[DEN] Team Rebound
00:55.9,52-62,DEN,201163,wilson,chandler,[DEN] Chandler 3pt Shot: Missed
00:55.3,52-62,POR,,,,[POR] Team Rebound
00:33.3,52-62,POR,203081,damian,lillard,[POR] Lillard 3pt Shot: Missed
00:32.3,52-62,DEN,201163,wilson,chandler,[DEN] Chandler Rebound (Off:0 Def:3)
00:30.3,52-62,DEN,201163,wilson,chandler,[DEN] Chandler Turnover : Lost Ball (3 TO) Steal:Plumlee (1 ST)
00:26.9,52-62,POR,203486,mason,plumlee,[POR] Plumlee Turnover : Bad Pass (1 TO) Steal:Mudiay (1 ST)
00:24.0,52-62,DEN,1626144,emmanuel,mudiay,[DEN] Mudiay Layup Shot: Missed
00:24.0,52-62,DEN,201163,wilson,chandler,[DEN] Chandler Rebound (Off:1 Def:3)
00:24.0,54-62,DEN,201163,wilson,chandler,[DEN 54-62] Chandler Putback Dunk Shot: Made (11 PTS)
00:21.8,54-62,POR,,,,[POR] Team Timeout : Short
00:21.8,54-62,DEN,203994,jusuf,nurkic,[DEN] Nurkic Substitution replaced by Nelson
00:21.8,54-62,DEN,203115,will,barton,[DEN] Barton Substitution replaced by Faried
00:21.8,54-62,POR,203486,mason,plumlee,[POR] Plumlee Substitution replaced by Crabbe
00:01.8,54-62,POR,203081,damian,lillard,[POR] Lillard Driving Layup Shot: Missed Block: Faried (1 BLK)
00:00.0,54-62,DEN,202702,kenneth,faried,[DEN] Faried Rebound (Off:1 Def:2)
End of 2nd Quarter
Start of 3rd Quarter
11:40,54-62,DEN,203115,will,barton,[DEN] Barton Floating Jump shot: Missed
11:38,54-62,POR,202329,al-farouq,aminu,[POR] Aminu Rebound (Off:1 Def:2)
11:32,54-64,POR,203468,cj,mccollum,[POR 64-54] McCollum Cutting Layup Shot: Made (9 PTS) Assist: Lillard (6 AST)
11:18,56-64,DEN,203999,nikola,jokic,[DEN 56-64] Jokic Turnaround Jump Shot: Made (8 PTS) Assist: Barton (2 AST)
10:58,56-64,POR,203468,cj,mccollum,[POR] McCollum Fadeaway Jump Shot: Missed
10:58,56-64,DEN,1626144,emmanuel,mudiay,[DEN] Mudiay Rebound (Off:0 Def:4)
10:51,56-64,DEN,1626144,emmanuel,mudiay,[DEN] Mudiay Driving Layup Shot: Missed
10:50,56-64,DEN,203999,nikola,jokic,[DEN] Jokic Rebound (Off:3 Def:3)
10:39,59-64,DEN,1626144,emmanuel,mudiay,[DEN 59-64] Mudiay 3pt Shot: Made (6 PTS) Assist: Barton (3 AST)
10:22,59-66,POR,203486,mason,plumlee,[POR 66-59] Plumlee Jump Shot: Made (8 PTS)
10:12,59-66,POR,203081,damian,lillard,[POR] Lillard Foul: Personal (1 PF) (B Adams)
10:05,59-66,DEN,1626144,emmanuel,mudiay,[DEN] Mudiay 3pt Shot: Missed
10:04,59-66,POR,202329,al-farouq,aminu,[POR] Aminu Rebound (Off:1 Def:3)
09:54,59-68,POR,203081,damian,lillard,[POR 68-59] Lillard Driving Finger Roll Layup Shot: Made (23 PTS)
09:45,59-68,DEN,203994,jusuf,nurkic,[DEN] Nurkic Foul: Offensive Charge (2 PF) (P Fraher)
09:45,59-68,DEN,203994,jusuf,nurkic,[DEN] Nurkic Turnover : Foul (2 TO)
09:35,59-70,POR,203081,damian,lillard,[POR 70-59] Lillard Cutting Layup Shot: Made (25 PTS) Assist: Plumlee (3 AST)
09:35,59-70,DEN,,,,[DEN] Team Timeout : Regular
09:25,59-70,POR,203486,mason,plumlee,[POR] Plumlee Foul: Defense 3 Second (1 PF) (P Fraher)
09:25,60-70,DEN,201568,danilo,gallinari,[DEN 60-70] Gallinari Free Throw Technical (11 PTS)
09:21,60-70,POR,203486,mason,plumlee,[POR] Plumlee Foul: Shooting (2 PF) (2 FTA) (B Adams)
09:21,61-70,DEN,203994,jusuf,nurkic,[DEN 61-70] Nurkic Free Throw 1 of 2 (11 PTS)
09:21,61-70,DEN,203994,jusuf,nurkic,[DEN] Nurkic Free Throw 2 of 2 Missed
09:19,61-70,DEN,201568,danilo,gallinari,[DEN] Gallinari Rebound (Off:1 Def:2)
09:16,61-70,POR,203090,maurice,harkless,[POR] Harkless Foul: Shooting (4 PF) (2 FTA) (P Fraher)
09:16,62-70,DEN,201568,danilo,gallinari,[DEN 62-70] Gallinari Free Throw 1 of 2 (12 PTS)
09:16,63-70,DEN,201568,danilo,gallinari,[DEN 63-70] Gallinari Free Throw 2 of 2 (13 PTS)
08:58,63-70,POR,203468,cj,mccollum,[POR] McCollum Jump Shot: Missed
08:57,63-70,DEN,201568,danilo,gallinari,[DEN] Gallinari Rebound (Off:1 Def:3)
08:51,63-70,DEN,201568,danilo,gallinari,[DEN] Gallinari Turnover : Bad Pass (2 TO) Steal:Aminu (1 ST)
08:39,63-70,POR,203081,damian,lillard,[POR] Lillard 3pt Shot: Missed
08:38,63-70,DEN,201568,danilo,gallinari,[DEN] Gallinari Rebound (Off:1 Def:4)
08:28,63-70,DEN,203999,nikola,jokic,[DEN] Jokic Jump Shot: Missed
08:27,63-70,POR,203468,cj,mccollum,[POR] McCollum Rebound (Off:2 Def:1)
08:22,63-70,DEN,203994,jusuf,nurkic,[DEN] Nurkic Violation:Kicked Ball (B Adams)
08:22,63-70,POR,203090,maurice,harkless,[POR] Harkless Substitution replaced by Turner
08:11,63-70,POR,203486,mason,plumlee,[POR] Plumlee Layup Shot: Missed
08:11,63-70,DEN,1626144,emmanuel,mudiay,[DEN] Mudiay Rebound (Off:0 Def:5)
08:06,65-70,DEN,1626144,emmanuel,mudiay,[DEN 65-70] Mudiay Driving Layup Shot: Made (8 PTS)
07:47,65-70,POR,202323,evan,turner,[POR] Turner Turnover : Bad Pass (1 TO) Steal:Mudiay (2 ST)
07:42,67-70,DEN,203999,nikola,jokic,[DEN 67-70] Jokic Cutting Layup Shot: Made (10 PTS) Assist: Gallinari (1 AST)
07:42,67-70,POR,,,,[POR] Team Timeout : Regular
07:26,67-70,POR,203468,cj,mccollum,[POR] McCollum Turnover : Bad Pass (1 TO) Steal:Jokic (1 ST)
07:22,67-70,POR,203486,mason,plumlee,[POR] Plumlee Violation:Defensive Goaltending (B Adams)
07:22,69-70,DEN,203115,will,barton,[DEN 69-70] Barton Layup Shot: Made (10 PTS) Assist: Jokic (1 AST)
07:11,69-70,POR,203081,damian,lillard,[POR] Lillard Turnover : Bad Pass (1 TO) Steal:Jokic (2 ST)
07:00,69-70,DEN,1626144,emmanuel,mudiay,[DEN] Mudiay Jump Shot: Missed
06:58,69-70,DEN,203999,nikola,jokic,[DEN] Jokic Rebound (Off:4 Def:3)
06:58,71-70,DEN,203999,nikola,jokic,[DEN 71-70] Jokic Tip Layup Shot: Made (12 PTS)
06:42,71-70,POR,203081,damian,lillard,[POR] Lillard 3pt Shot: Missed
06:41,71-70,DEN,203115,will,barton,[DEN] Barton Rebound (Off:0 Def:3)
06:36,71-70,POR,202329,al-farouq,aminu,[POR] Aminu Foul: Shooting (4 PF) (2 FTA) (T Maddox)
06:36,72-70,DEN,203115,will,barton,[DEN 72-70] Barton Free Throw 1 of 2 (11 PTS)
06:36,73-70,DEN,203115,will,barton,[DEN 73-70] Barton Free Throw 2 of 2 (12 PTS)
06:17,73-70,POR,202329,al-farouq,aminu,[POR] Aminu 3pt Shot: Missed
06:16,73-70,POR,203468,cj,mccollum,[POR] McCollum Rebound (Off:3 Def:1)
06:08,73-70,DEN,203999,nikola,jokic,[DEN] Jokic Foul: Shooting (2 PF) (2 FTA) (T Maddox)
06:08,73-70,POR,203486,mason,plumlee,[POR] Plumlee Free Throw 1 of 2 Missed
06:08,73-70,POR,,,,[POR] Team Rebound
06:08,73-70,POR,203486,mason,plumlee,[POR] Plumlee Free Throw 2 of 2 Missed
06:06,73-70,DEN,203994,jusuf,nurkic,[DEN] Nurkic Rebound (Off:4 Def:5)
05:49,73-70,DEN,201568,danilo,gallinari,[DEN] Gallinari 3pt Shot: Missed
05:49,73-70,DEN,,,,[DEN] Team Rebound
05:49,73-70,POR,203486,mason,plumlee,[POR] Plumlee Foul: Loose Ball (3 PF) (2 FTA) (B Adams)
05:49,74-70,DEN,203994,jusuf,nurkic,[DEN 74-70] Nurkic Free Throw 1 of 2 (12 PTS)
05:49,74-70,POR,203468,cj,mccollum,[POR] McCollum Substitution replaced by Crabbe
05:49,74-70,DEN,203994,jusuf,nurkic,[DEN] Nurkic Free Throw 2 of 2 Missed
05:45,74-70,POR,202329,al-farouq,aminu,[POR] Aminu Rebound (Off:1 Def:4)
05:39,74-70,POR,202323,evan,turner,[POR] Turner Jump Shot: Missed Block: Jokic (1 BLK)
05:36,74-70,DEN,203999,nikola,jokic,[DEN] Jokic Rebound (Off:4 Def:4)
05:25,74-70,DEN,203994,jusuf,nurkic,[DEN] Nurkic Layup Shot: Missed
05:24,74-70,POR,,,,[POR] Team Rebound
05:24,74-70,POR,203486,mason,plumlee,[POR] Plumlee Substitution replaced by Leonard
05:24,74-70,POR,202329,al-farouq,aminu,[POR] Aminu Substitution replaced by Davis
05:08,74-70,DEN,203999,nikola,jokic,[DEN] Jokic Foul: Personal (3 PF) (T Maddox)
05:08,74-70,DEN,203994,jusuf,nurkic,[DEN] Nurkic Substitution replaced by Faried
04:56,74-70,POR,202323,evan,turner,[POR] Turner Layup Shot: Missed Block: Faried (2 BLK)
04:55,74-70,POR,,,,[POR] Team Rebound
04:53,74-70,POR,203086,meyers,leonard,[POR] Leonard Fadeaway Jump Shot: Missed
04:52,74-70,POR,,,,[POR] Team Rebound
04:52,74-70,POR,,,,[POR] Team Turnover : Shot Clock Turnover
04:41,74-70,DEN,203999,nikola,jokic,[DEN] Jokic Jump Shot: Missed
04:40,74-70,POR,202323,evan,turner,[POR] Turner Rebound (Off:0 Def:2)
04:38,74-70,POR,202323,evan,turner,[POR] Turner Turnover : Out of Bounds - Bad Pass Turnover (2 TO)
04:24,74-70,DEN,1626144,emmanuel,mudiay,[DEN] Mudiay Turnover : Bad Pass (4 TO) Steal:Lillard (3 ST)
04:24,74-70,DEN,203999,nikola,jokic,[DEN] Jokic Substitution replaced by Chandler
04:24,74-70,POR,203086,meyers,leonard,[POR] Leonard Substitution replaced by Aminu
04:22,74-70,DEN,202702,kenneth,faried,Jump Ball Faried vs Lillard (Mudiay gains possession)
04:22,74-70,POR,203081,damian,lillard,[POR] Lillard Turnover : Lost Ball (2 TO) Steal:Faried (1 ST)
04:19,74-70,POR,202334,ed,davis,[POR] Davis Foul: Personal (4 PF) (2 FTA) (T Maddox)
04:19,75-70,DEN,1626144,emmanuel,mudiay,[DEN 75-70] Mudiay Free Throw 1 of 2 (9 PTS)
04:19,76-70,DEN,1626144,emmanuel,mudiay,[DEN 76-70] Mudiay Free Throw 2 of 2 (10 PTS)
04:05,76-70,DEN,1626144,emmanuel,mudiay,[DEN] Mudiay Foul: Shooting (1 PF) (3 FTA) (B Adams)
04:05,76-71,POR,203081,damian,lillard,[POR 71-76] Lillard Free Throw 1 of 3 (26 PTS)
04:05,76-72,POR,203081,damian,lillard,[POR 72-76] Lillard Free Throw 2 of 3 (27 PTS)
04:05,76-73,POR,203081,damian,lillard,[POR 73-76] Lillard Free Throw 3 of 3 (28 PTS)
03:53,78-73,DEN,1626144,emmanuel,mudiay,[DEN 78-73] Mudiay Driving Layup Shot: Made (12 PTS)
03:47,78-73,POR,203081,damian,lillard,[POR] Lillard Foul: Offensive Charge (2 PF) (B Adams)
03:47,78-73,POR,203081,damian,lillard,[POR] Lillard Turnover : Foul (3 TO)
03:38,80-73,DEN,1626144,emmanuel,mudiay,[DEN 80-73] Mudiay Driving Layup Shot: Made (14 PTS) Assist: Faried (2 AST)
03:20,80-73,POR,202323,evan,turner,[POR] Turner 3pt Shot: Missed
03:19,80-73,DEN,201163,wilson,chandler,[DEN] Chandler Rebound (Off:1 Def:4)
03:09,80-73,DEN,1626144,emmanuel,mudiay,[DEN] Mudiay 3pt Shot: Missed
03:08,80-73,POR,,,,[POR] Team Rebound
02:51,80-73,POR,203459,allen,crabbe,[POR] Crabbe 3pt Shot: Missed
02:50,80-73,DEN,202702,kenneth,faried,[DEN] Faried Rebound (Off:1 Def:3)
02:45,80-73,DEN,203115,will,barton,[DEN] Barton 3pt Shot: Missed
02:42,80-73,POR,202329,al-farouq,aminu,[POR] Aminu Rebound (Off:1 Def:5)
02:35,80-73,POR,203081,damian,lillard,[POR] Lillard Floating Jump shot: Missed
02:34,80-73,DEN,202702,kenneth,faried,[DEN] Faried Rebound (Off:1 Def:4)
02:23,82-73,DEN,203115,will,barton,[DEN 82-73] Barton Floating Jump shot: Made (14 PTS) Assist: Chandler (1 AST)
02:07,82-75,POR,203459,allen,crabbe,[POR 75-82] Crabbe Cutting Layup Shot: Made (9 PTS) Assist: Turner (1 AST)
02:07,82-75,DEN,203115,will,barton,[DEN] Barton Foul: Shooting (3 PF) (1 FTA) (T Maddox)
02:07,82-75,POR,203081,damian,lillard,[POR] Lillard Substitution replaced by McCollum
02:07,82-75,POR,202329,al-farouq,aminu,[POR] Aminu Substitution replaced by Harkless
02:07,82-76,POR,203459,allen,crabbe,[POR 76-82] Crabbe Free Throw 1 of 1 (10 PTS)
01:52,84-76,DEN,1626144,emmanuel,mudiay,[DEN 84-76] Mudiay Floating Jump shot: Made (16 PTS)
01:34,84-76,POR,203459,allen,crabbe,[POR] Crabbe Jump Shot: Missed
01:34,84-76,DEN,201163,wilson,chandler,[DEN] Chandler Rebound (Off:1 Def:5)
01:21,86-76,DEN,202702,kenneth,faried,[DEN 86-76] Faried Layup Shot: Made (5 PTS) Assist: Gallinari (2 AST)
01:04,86-76,POR,203468,cj,mccollum,[POR] McCollum Turnover : Out of Bounds Lost Ball Turnover (2 TO)
01:04,86-76,DEN,203115,will,barton,[DEN] Barton Substitution replaced by Murray
00:53.4,88-76,DEN,202702,kenneth,faried,[DEN 88-76] Faried Driving Dunk Shot: Made (7 PTS) Assist: Mudiay (1 AST)
00:33.7,88-78,POR,202323,evan,turner,[POR 78-88] Turner Jump Shot: Made (8 PTS)
00:13.9,88-78,DEN,1626144,emmanuel,mudiay,[DEN] Mudiay Fadeaway Jump Shot: Missed
00:10.9,88-78,POR,202323,evan,turner,[POR] Turner Rebound (Off:0 Def:3)
00:00.4,88-81,POR,202323,evan,turner,[POR 81-88] Turner 3pt Shot: Made (11 PTS)
End of 3rd Quarter
Start of 4th Quarter
11:46,88-81,POR,203459,allen,crabbe,[POR] Crabbe Layup Shot: Missed
11:45,88-81,DEN,203999,nikola,jokic,[DEN] Jokic Rebound (Off:4 Def:5)
11:25,88-81,DEN,2749,jameer,nelson,[DEN] Nelson Jump Shot: Missed
11:24,88-81,POR,202334,ed,davis,[POR] Davis Rebound (Off:0 Def:2)
11:12,88-83,POR,202334,ed,davis,[POR 83-88] Davis Layup Shot: Made (4 PTS) Assist: Turner (2 AST)
10:59,88-83,DEN,201163,wilson,chandler,[DEN] Chandler Floating Jump shot: Missed
10:58,88-83,POR,203090,maurice,harkless,[POR] Harkless Rebound (Off:0 Def:2)
10:44,88-83,POR,203090,maurice,harkless,[POR] Harkless 3pt Shot: Missed
10:43,88-83,DEN,203999,nikola,jokic,[DEN] Jokic Rebound (Off:4 Def:6)
10:33,88-83,DEN,203999,nikola,jokic,[DEN] Jokic Turnover : Out of Bounds - Bad Pass Turnover (1 TO)
10:18,88-83,POR,203459,allen,crabbe,[POR] Crabbe Turnover : Bad Pass (1 TO) Steal:Murray (1 ST)
10:15,88-83,DEN,202702,kenneth,faried,[DEN] Faried Layup Shot: Missed Block: McCollum (2 BLK)
10:14,88-83,POR,203468,cj,mccollum,[POR] McCollum Rebound (Off:3 Def:2)
10:11,88-83,DEN,2749,jameer,nelson,[DEN] Nelson Foul: Personal (2 PF) (P Fraher)
10:00,88-83,POR,203468,cj,mccollum,[POR] McCollum Jump Shot: Missed
10:00,88-83,DEN,203999,nikola,jokic,[DEN] Jokic Rebound (Off:4 Def:7)
09:51,90-83,DEN,203999,nikola,jokic,[DEN 90-83] Jokic Jump Shot: Made (14 PTS) Assist: Nelson (2 AST)
09:33,90-85,POR,203459,allen,crabbe,[POR 85-90] Crabbe Floating Jump shot: Made (12 PTS) Assist: McCollum (3 AST)
09:18,90-85,DEN,2749,jameer,nelson,[DEN] Nelson Turnover : Bad Pass (1 TO) Steal:McCollum (2 ST)
09:18,90-85,DEN,203999,nikola,jokic,[DEN] Jokic Foul: Personal (4 PF) (T Maddox)
09:18,90-85,POR,202323,evan,turner,[POR] Turner Substitution replaced by Lillard
09:18,90-85,POR,203459,allen,crabbe,[POR] Crabbe Substitution replaced by Plumlee
09:18,90-85,POR,202334,ed,davis,[POR] Davis Substitution replaced by Aminu
09:06,90-85,POR,203090,maurice,harkless,[POR] Harkless Turnover : Bad Pass (1 TO) Steal:Jokic (3 ST)
08:59,93-85,DEN,2749,jameer,nelson,[DEN 93-85] Nelson 3pt Shot: Made (6 PTS)
08:34,93-87,POR,203468,cj,mccollum,[POR 87-93] McCollum Driving Layup Shot: Made (11 PTS)
08:20,93-87,DEN,203999,nikola,jokic,[DEN] Jokic Jump Shot: Missed
08:19,93-87,POR,202329,al-farouq,aminu,[POR] Aminu Rebound (Off:1 Def:6)
08:08,93-89,POR,203081,damian,lillard,[POR 89-93] Lillard Jump Shot: Made (30 PTS) Assist: Plumlee (4 AST)
07:55,93-89,POR,203486,mason,plumlee,[POR] Plumlee Foul: Personal (4 PF) (T Maddox)
Official Timeout
07:38,95-89,DEN,203999,nikola,jokic,[DEN 95-89] Jokic Jump Shot: Made (16 PTS) Assist: Murray (2 AST)
07:23,95-89,POR,203468,cj,mccollum,[POR] McCollum 3pt Shot: Missed
07:22,95-89,DEN,203999,nikola,jokic,[DEN] Jokic Rebound (Off:4 Def:8)
07:12,95-89,DEN,2749,jameer,nelson,[DEN] Nelson 3pt Shot: Missed
07:10,95-89,DEN,202702,kenneth,faried,[DEN] Faried Rebound (Off:2 Def:4)
07:08,95-89,DEN,202702,kenneth,faried,[DEN] Faried Turnover : Bad Pass (1 TO) Steal:McCollum (3 ST)
07:00,95-89,DEN,2749,jameer,nelson,[DEN] Nelson Foul: Personal (3 PF) (T Maddox)
07:00,95-89,DEN,1627750,jamal,murray,[DEN] Murray Substitution replaced by Barton
06:55,95-89,POR,203081,damian,lillard,[POR] Lillard Jump Shot: Missed
06:54,95-89,DEN,202702,kenneth,faried,[DEN] Faried Rebound (Off:2 Def:5)
06:37,95-89,DEN,203115,will,barton,[DEN] Barton Jump Shot: Missed
06:36,95-89,DEN,,,,[DEN] Team Rebound
06:36,95-89,DEN,2749,jameer,nelson,[DEN] Nelson Substitution replaced by Mudiay
06:36,95-89,DEN,201163,wilson,chandler,[DEN] Chandler Substitution replaced by Gallinari
06:24,95-89,DEN,1626144,emmanuel,mudiay,[DEN] Mudiay Jump Shot: Missed Block: Lillard (1 BLK)
06:22,95-89,POR,203081,damian,lillard,[POR] Lillard Rebound (Off:1 Def:2)
06:20,95-89,POR,203081,damian,lillard,[POR] Lillard Turnover : Lost Ball (4 TO) Steal:Jokic (4 ST)
06:08,98-89,DEN,1626144,emmanuel,mudiay,[DEN 98-89] Mudiay 3pt Shot: Made (19 PTS) Assist: Jokic (2 AST)
06:04,98-89,DEN,1626144,emmanuel,mudiay,[DEN] Mudiay Foul: Shooting (2 PF) (2 FTA) (P Fraher)
06:04,98-89,POR,203486,mason,plumlee,[POR] Plumlee Free Throw 1 of 2 Missed
06:04,98-89,POR,,,,[POR] Team Rebound
06:04,98-90,POR,203486,mason,plumlee,[POR 90-98] Plumlee Free Throw 2 of 2 (9 PTS)
05:46,98-90,DEN,203115,will,barton,[DEN] Barton 3pt Shot: Missed
05:45,98-90,DEN,202702,kenneth,faried,[DEN] Faried Rebound (Off:3 Def:5)
05:42,98-90,DEN,202702,kenneth,faried,[DEN] Faried Layup Shot: Missed
05:41,98-90,POR,203081,damian,lillard,[POR] Lillard Rebound (Off:1 Def:3)
05:31,98-90,POR,203468,cj,mccollum,[POR] McCollum 3pt Shot: Missed
05:30,98-90,DEN,203115,will,barton,[DEN] Barton Rebound (Off:0 Def:4)
05:17,98-90,DEN,1626144,emmanuel,mudiay,[DEN] Mudiay Layup Shot: Missed Block: Aminu (1 BLK)
05:13,98-90,DEN,203999,nikola,jokic,[DEN] Jokic Rebound (Off:5 Def:8)
05:13,100-90,DEN,203999,nikola,jokic,[DEN 100-90] Jokic Tip Layup Shot: Made (18 PTS)
05:09,100-90,POR,,,,[POR] Team Timeout : Regular
05:03,100-92,POR,203486,mason,plumlee,[POR 92-100] Plumlee Alley Oop Dunk Shot: Made (11 PTS) Assist: Lillard (7 AST)
04:44,100-92,POR,203090,maurice,harkless,[POR] Harkless Foul: Personal (5 PF) (T Maddox)
04:37,100-92,DEN,1626144,emmanuel,mudiay,[DEN] Mudiay Layup Shot: Missed
04:36,100-92,DEN,203999,nikola,jokic,[DEN] Jokic Rebound (Off:6 Def:8)
04:36,100-92,DEN,203999,nikola,jokic,[DEN] Jokic Jump Shot: Missed Block: Aminu (2 BLK)
04:33,100-92,POR,203081,damian,lillard,[POR] Lillard Rebound (Off:1 Def:4)
04:27,100-92,DEN,203999,nikola,jokic,[DEN] Jokic Foul: Shooting (5 PF) (2 FTA) (P Fraher)
04:27,100-92,POR,202329,al-farouq,aminu,[POR] Aminu Free Throw 1 of 2 Missed
04:27,100-92,POR,,,,[POR] Team Rebound
04:27,100-92,DEN,203999,nikola,jokic,[DEN] Jokic Substitution replaced by Chandler
04:27,100-93,POR,202329,al-farouq,aminu,[POR 93-100] Aminu Free Throw 2 of 2 (5 PTS)
04:10,100-93,DEN,201163,wilson,chandler,[DEN] Chandler Jump Shot: Missed Block: McCollum (3 BLK)
04:08,100-93,POR,203090,maurice,harkless,[POR] Harkless Rebound (Off:0 Def:3)
03:59,100-93,POR,202329,al-farouq,aminu,[POR] Aminu 3pt Shot: Missed
03:59,100-93,DEN,203115,will,barton,[DEN] Barton Rebound (Off:0 Def:5)
03:47,100-93,DEN,203115,will,barton,[DEN] Barton Jump Shot: Missed
03:47,100-93,POR,202329,al-farouq,aminu,[POR] Aminu Rebound (Off:1 Def:7)
03:36,100-93,POR,203081,damian,lillard,[POR] Lillard 3pt Shot: Missed
03:34,100-93,DEN,201163,wilson,chandler,[DEN] Chandler Rebound (Off:1 Def:6)
03:12,102-93,DEN,201568,danilo,gallinari,[DEN 102-93] Gallinari Jump Shot: Made (15 PTS) Assist: Mudiay (2 AST)
03:00,102-93,POR,203486,mason,plumlee,[POR] Plumlee Foul: Offensive Charge (5 PF) (P Fraher)
03:00,102-93,POR,203486,mason,plumlee,[POR] Plumlee Turnover : Foul (2 TO)
03:00,102-93,DEN,,,,[DEN] Team Timeout : Regular
02:39,102-93,DEN,201568,danilo,gallinari,[DEN] Gallinari 3pt Shot: Missed
02:38,102-93,POR,202329,al-farouq,aminu,[POR] Aminu Rebound (Off:1 Def:8)
02:29,102-95,POR,203468,cj,mccollum,[POR 95-102] McCollum Step Back Jump shot: Made (13 PTS)
02:06,102-95,POR,203468,cj,mccollum,[POR] McCollum Foul: Shooting (3 PF) (2 FTA) (P Fraher)
02:06,103-95,DEN,203115,will,barton,[DEN 103-95] Barton Free Throw 1 of 2 (15 PTS)
02:06,103-95,POR,203486,mason,plumlee,[POR] Plumlee Substitution replaced by Crabbe
02:06,104-95,DEN,203115,will,barton,[DEN 104-95] Barton Free Throw 2 of 2 (16 PTS)
01:57,104-95,POR,203081,damian,lillard,[POR] Lillard Driving Layup Shot: Missed
01:56,104-95,DEN,1626144,emmanuel,mudiay,[DEN] Mudiay Rebound (Off:0 Def:6)
01:33,104-95,DEN,201163,wilson,chandler,[DEN] Chandler 3pt Shot: Missed
01:30,104-95,POR,203468,cj,mccollum,[POR] McCollum Rebound (Off:3 Def:3)
01:26,104-95,DEN,202702,kenneth,faried,[DEN] Faried Foul: Shooting (2 PF) (2 FTA) (T Maddox)
01:26,104-96,POR,203090,maurice,harkless,[POR 96-104] Harkless Free Throw 1 of 2 (7 PTS)
01:26,104-96,POR,203090,maurice,harkless,[POR] Harkless Free Throw 2 of 2 Missed
01:25,104-96,DEN,202702,kenneth,faried,[DEN] Faried Rebound (Off:3 Def:6)
01:14,104-96,DEN,1626144,emmanuel,mudiay,[DEN] Mudiay Driving Dunk Shot: Missed
01:12,104-96,DEN,203115,will,barton,[DEN] Barton Rebound (Off:1 Def:5)
01:00,104-96,DEN,201568,danilo,gallinari,[DEN] Gallinari Jump Bank Shot: Missed
00:58.9,104-96,POR,202329,al-farouq,aminu,[POR] Aminu Rebound (Off:1 Def:9)
00:52.7,104-96,POR,202329,al-farouq,aminu,[POR] Aminu Turnover : Lost Ball (1 TO) Steal:Faried (2 ST)
00:48.8,104-96,DEN,202702,kenneth,faried,[DEN] Faried Turnover : Bad Pass (2 TO) Steal:Crabbe (1 ST)
00:47.2,104-99,POR,203081,damian,lillard,[POR 99-104] Lillard 3pt Shot: Made (33 PTS) Assist: Crabbe (3 AST)
00:47.2,104-99,DEN,,,,[DEN] Team Timeout : Regular
00:23.8,104-99,DEN,201568,danilo,gallinari,[DEN] Gallinari Pullup Jump shot: Missed
00:21.9,104-99,POR,203468,cj,mccollum,[POR] McCollum Rebound (Off:3 Def:4)
00:15.1,104-101,POR,203468,cj,mccollum,[POR 101-104] McCollum Driving Layup Shot: Made (15 PTS) Assist: Crabbe (4 AST)
00:15.1,104-101,DEN,1626144,emmanuel,mudiay,[DEN] Mudiay Foul: Shooting (3 PF) (1 FTA) (B Adams)
00:15.1,104-101,DEN,203115,will,barton,[DEN] Barton Substitution replaced by Jokic
00:15.1,104-102,POR,203468,cj,mccollum,[POR 102-104] McCollum Free Throw 1 of 1 (16 PTS)
00:15.1,104-102,DEN,,,,[DEN] Team Timeout : Short
00:15.1,104-102,POR,203090,maurice,harkless,[POR] Harkless Substitution replaced by Napier
00:15.1,104-102,DEN,201163,wilson,chandler,[DEN] Chandler Substitution replaced by Barton
00:15.1,104-102,DEN,202702,kenneth,faried,[DEN] Faried Substitution replaced by Nelson
00:13.7,104-102,POR,203468,cj,mccollum,[POR] McCollum Foul: Personal Take (4 PF) (T Maddox)
00:12.3,104-102,DEN,1626144,emmanuel,mudiay,[DEN] Mudiay Turnover : Out of Bounds - Bad Pass Turnover (5 TO)
00:12.3,104-102,POR,,,,[POR] Team Timeout : Regular
00:12.3,104-102,DEN,203999,nikola,jokic,[DEN] Jokic Substitution replaced by Chandler
00:12.3,104-102,DEN,2749,jameer,nelson,[DEN] Nelson Substitution replaced by Faried
00:12.3,104-102,POR,203894,shabazz,napier,[POR] Napier Substitution replaced by Harkless
00:06.9,104-102,POR,203081,damian,lillard,[POR] Lillard Turnover : Lost Ball (5 TO) Steal:Mudiay (3 ST)
00:04.1,104-102,POR,203459,allen,crabbe,[POR] Crabbe Foul: Personal Take (3 PF) (2 FTA) (B Adams)
00:04.1,104-102,DEN,201163,wilson,chandler,[DEN] Chandler Free Throw 1 of 2 Missed
00:04.1,104-102,DEN,,,,[DEN] Team Rebound
00:04.1,104-102,POR,202329,al-farouq,aminu,[POR] Aminu Substitution replaced by Davis
00:04.1,104-102,POR,203459,allen,crabbe,[POR] Crabbe Substitution replaced by Plumlee
00:04.1,104-102,DEN,201163,wilson,chandler,[DEN] Chandler Free Throw 2 of 2 Missed
00:02.9,104-102,POR,203468,cj,mccollum,[POR] McCollum Rebound (Off:3 Def:5)
00:02.9,104-102,POR,,,,[POR] Team Timeout : Short
00:02.9,104-102,POR,203090,maurice,harkless,[POR] Harkless Substitution replaced by Crabbe
00:02.9,104-102,POR,202334,ed,davis,[POR] Davis Substitution replaced by Leonard
00:02.1,104-104,POR,203081,damian,lillard,[POR 104-104] Lillard Alley Oop Layup shot: Made (35 PTS) Assist: Plumlee (5 AST)
00:02.1,104-104,DEN,,,,[DEN] Team Timeout : Short
00:02.1,104-104,POR,203486,mason,plumlee,[POR] Plumlee Substitution replaced by Aminu
00:02.1,104-104,POR,203086,meyers,leonard,[POR] Leonard Substitution replaced by Harkless
00:02.1,104-104,DEN,202702,kenneth,faried,[DEN] Faried Substitution replaced by Jokic
00:01.0,104-104,DEN,203999,nikola,jokic,[DEN] Jokic 3pt Shot: Missed
00:00.0,104-104,DEN,,,,[DEN] Team Rebound
End of 4th Quarter
Start of OT Quarter
05:00,104-104,DEN,202702,kenneth,faried,Jump Ball Faried vs Plumlee (Harkless gains possession)
04:42,104-104,POR,203081,damian,lillard,[POR] Lillard Jump Shot: Missed
04:41,104-104,DEN,1626144,emmanuel,mudiay,[DEN] Mudiay Rebound (Off:0 Def:7)
04:26,106-104,DEN,203999,nikola,jokic,[DEN 106-104] Jokic Jump Shot: Made (20 PTS) Assist: Mudiay (3 AST)
04:09,106-107,POR,203468,cj,mccollum,[POR 107-106] McCollum 3pt Shot: Made (19 PTS)
03:51,109-107,DEN,203999,nikola,jokic,[DEN 109-107] Jokic 3pt Shot: Made (23 PTS) Assist: Mudiay (4 AST)
03:25,109-109,POR,203468,cj,mccollum,[POR 109-109] McCollum Fadeaway Jump Shot: Made (21 PTS)
03:08,109-109,DEN,201568,danilo,gallinari,[DEN] Gallinari 3pt Shot: Missed
03:07,109-109,DEN,,,,[DEN] Team Rebound
02:58,109-109,POR,203090,maurice,harkless,[POR] Harkless Foul: Shooting (6 PF) (2 FTA) (P Fraher)
02:58,109-109,POR,203090,maurice,harkless,[POR] Harkless Substitution replaced by Crabbe
02:58,110-109,DEN,1626144,emmanuel,mudiay,[DEN 110-109] Mudiay Free Throw 1 of 2 (20 PTS)
02:58,111-109,DEN,1626144,emmanuel,mudiay,[DEN 111-109] Mudiay Free Throw 2 of 2 (21 PTS)
02:36,111-109,POR,203468,cj,mccollum,[POR] McCollum Step Back Jump shot: Missed
02:35,111-109,DEN,203999,nikola,jokic,[DEN] Jokic Rebound (Off:6 Def:9)
02:19,111-109,DEN,203115,will,barton,[DEN] Barton Driving Layup Shot: Missed
02:17,111-109,POR,202329,al-farouq,aminu,[POR] Aminu Rebound (Off:1 Def:10)
02:02,111-109,POR,203468,cj,mccollum,[POR] McCollum Cutting Layup Shot: Missed
02:01,111-109,DEN,203999,nikola,jokic,[DEN] Jokic Rebound (Off:6 Def:10)
01:46,111-109,DEN,203999,nikola,jokic,[DEN] Jokic 3pt Shot: Missed
01:45,111-109,POR,202329,al-farouq,aminu,[POR] Aminu Rebound (Off:1 Def:11)
01:34,111-109,POR,202329,al-farouq,aminu,[POR] Aminu 3pt Shot: Missed
01:31,111-109,DEN,203999,nikola,jokic,[DEN] Jokic Rebound (Off:6 Def:11)
01:30,111-109,DEN,,,,[DEN] Team Timeout : Regular
01:16,113-109,DEN,201568,danilo,gallinari,[DEN 113-109] Gallinari Driving Finger Roll Layup Shot: Made (17 PTS)
01:02,113-109,DEN,202702,kenneth,faried,[DEN] Faried Foul: Shooting (3 PF) (2 FTA) (P Fraher)
01:02,113-110,POR,203486,mason,plumlee,[POR 110-113] Plumlee Free Throw 1 of 2 (12 PTS)
01:02,113-111,POR,203486,mason,plumlee,[POR 111-113] Plumlee Free Throw 2 of 2 (13 PTS)
00:44.7,113-111,DEN,203999,nikola,jokic,[DEN] Jokic 3pt Shot: Missed
00:42.9,113-111,POR,203468,cj,mccollum,[POR] McCollum Rebound (Off:3 Def:6)
00:34.6,113-113,POR,203468,cj,mccollum,[POR 113-113] McCollum Floating Jump shot: Made (23 PTS)
00:34.6,113-113,DEN,,,,[DEN] Team Timeout : Short
00:17.9,113-113,DEN,201568,danilo,gallinari,[DEN] Gallinari Driving Layup Shot: Missed Block: Aminu (3 BLK)
00:15.9,113-113,POR,203468,cj,mccollum,[POR] McCollum Rebound (Off:3 Def:7)
00:00.3,113-115,POR,203081,damian,lillard,[POR 115-113] Lillard Floating Jump shot: Made (37 PTS)
00:00.3,113-115,DEN,,,,[DEN] Team Timeout : Short
00:00.1,113-115,DEN,201568,danilo,gallinari,[DEN] Gallinari 3pt Shot: Missed
00:00.0,113-115,DEN,,,,[DEN] Team Rebound
End of OT Quarter
***End of scrape***