203496,Robert,Covington,203967,Dario,Saric,203954,Joel,Embiid,201945,Gerald,Henderson,200771,Sergio,Rodriguez,1626143,Jahlil,Okafor,101141,Ersan,Ilyasova,203917,Nik,Stauskas,204456,T.J.,McConnell,203138,Hollis,Thompson,1626158,Richaun,Holmes,1627789,Timothe,Luwawu-Cabarrot
202330,Gordon,Hayward,202324,Derrick,Favors,203497,Rudy,Gobert,203918,Rodney,Hood,202714,Shelvin,Mack,204060,Joe,Ingles,203957,Dante,Exum,1626168,Trey,Lyles,2207,Joe,Johnson,203481,Jeff,Withey,203526,Raul,Neto,1627762,Joel,Bolomboy
Start of 1st Quarter
12:00,0-0,PHI,203954,joel,embiid,Jump Ball Embiid vs Gobert (Favors gains possession)
11:34,0-2,UTA,202330,gordon,hayward,[UTA 2-0] Hayward Pullup Jump shot: Made (2 PTS)
11:18,3-2,PHI,203496,robert,covington,[PHI 3-2] Covington 3pt Shot: Made (3 PTS) Assist: Rodriguez (1 AST)
11:03,3-4,UTA,203497,rudy,gobert,[UTA 4-3] Gobert Driving Layup Shot: Made (2 PTS) Assist: Hood (1 AST)
10:41,3-4,PHI,203954,joel,embiid,[PHI] Embiid Layup Shot: Missed
10:39,3-4,UTA,202324,derrick,favors,[UTA] Favors Rebound (Off:0 Def:1)
10:31,3-4,UTA,202324,derrick,favors,[UTA] Favors Turnover : Bad Pass (1 TO) Steal:Embiid (1 ST)
10:25,3-4,PHI,200771,sergio,rodriguez,[PHI] Rodriguez 3pt Shot: Missed
10:24,3-4,UTA,203497,rudy,gobert,[UTA] Gobert Rebound (Off:0 Def:1)
10:18,3-4,PHI,201945,gerald,henderson,[PHI] Henderson Foul: Personal (1 PF) (L Holtkamp)
10:14,3-4,UTA,203918,rodney,hood,[UTA] Hood Jump Shot: Missed
10:12,3-4,PHI,203954,joel,embiid,[PHI] Embiid Rebound (Off:0 Def:1)
09:52,5-4,PHI,203967,dario,saric,[PHI 5-4] Saric Jump Shot: Made (2 PTS)
09:35,5-7,UTA,202714,shelvin,mack,[UTA 7-5] Mack 3pt Shot: Made (3 PTS) Assist: Favors (1 AST)
09:31,5-7,PHI,200771,sergio,rodriguez,[PHI] Rodriguez Turnover : Out of Bounds - Bad Pass Turnover (1 TO)
09:12,5-7,UTA,202330,gordon,hayward,[UTA] Hayward Jump Shot: Missed
09:11,5-7,UTA,202324,derrick,favors,[UTA] Favors Rebound (Off:1 Def:1)
09:09,5-7,UTA,202324,derrick,favors,[UTA] Favors Jump Shot: Missed Block: Embiid (1 BLK)
09:08,5-7,PHI,200771,sergio,rodriguez,[PHI] Rodriguez Rebound (Off:0 Def:1)
09:07,5-7,PHI,203967,dario,saric,Jump Ball Saric vs Hood (Hayward gains possession)
09:07,5-7,PHI,203967,dario,saric,[PHI] Saric Turnover : Lost Ball (1 TO) Steal:Hood (1 ST)
08:36,5-7,UTA,203497,rudy,gobert,[UTA] Gobert Layup Shot: Missed
08:34,5-7,PHI,201945,gerald,henderson,[PHI] Henderson Rebound (Off:0 Def:1)
08:30,5-7,PHI,201945,gerald,henderson,[PHI] Henderson Jump Shot: Missed
08:26,5-7,UTA,203918,rodney,hood,[UTA] Hood Rebound (Off:0 Def:1)
08:25,5-7,UTA,203918,rodney,hood,[UTA] Hood Foul: Offensive Charge (1 PF) (M Smith)
08:25,5-7,UTA,203918,rodney,hood,[UTA] Hood Turnover : Foul (1 TO)
08:08,5-7,PHI,203954,joel,embiid,[PHI] Embiid Jump Shot: Missed Block: Gobert (1 BLK)
08:06,5-7,PHI,200771,sergio,rodriguez,[PHI] Rodriguez Rebound (Off:1 Def:1)
08:00,8-7,PHI,201945,gerald,henderson,[PHI 8-7] Henderson 3pt Shot: Made (3 PTS) Assist: Rodriguez (2 AST)
07:44,8-7,UTA,202714,shelvin,mack,[UTA] Mack Jump Shot: Missed
07:41,8-7,UTA,202324,derrick,favors,[UTA] Favors Rebound (Off:2 Def:1)
07:32,8-7,UTA,202330,gordon,hayward,[UTA] Hayward Turnover : Lost Ball (1 TO) Steal:Henderson (1 ST)
07:27,8-7,PHI,201945,gerald,henderson,[PHI] Henderson Layup Shot: Missed
07:24,8-7,UTA,202324,derrick,favors,[UTA] Favors Rebound (Off:2 Def:2)
07:24,8-7,PHI,203954,joel,embiid,[PHI] Embiid Foul: Shooting (1 PF) (2 FTA) (L Holtkamp)
07:24,8-7,PHI,203954,joel,embiid,[PHI] Embiid Substitution replaced by Okafor
07:24,8-8,UTA,203497,rudy,gobert,[UTA 8-8] Gobert Free Throw 1 of 2 (3 PTS)
07:24,8-9,UTA,203497,rudy,gobert,[UTA 9-8] Gobert Free Throw 2 of 2 (4 PTS)
07:10,11-9,PHI,203496,robert,covington,[PHI 11-9] Covington 3pt Shot: Made (6 PTS) Assist: Rodriguez (3 AST)
06:42,11-11,UTA,202324,derrick,favors,[UTA 11-11] Favors Turnaround Jump Shot: Made (2 PTS) Assist: Mack (1 AST)
06:27,11-11,PHI,200771,sergio,rodriguez,[PHI] Rodriguez 3pt Shot: Missed
06:25,11-11,UTA,203497,rudy,gobert,[UTA] Gobert Rebound (Off:0 Def:2)
06:17,11-11,UTA,202330,gordon,hayward,[UTA] Hayward Jump Shot: Missed
06:15,11-11,PHI,203496,robert,covington,[PHI] Covington Rebound (Off:0 Def:1)
06:04,13-11,PHI,1626143,jahlil,okafor,[PHI 13-11] Okafor Turnaround Jump Shot: Made (2 PTS)
06:04,13-11,UTA,,,,[UTA] Team Timeout : Regular
06:04,13-11,PHI,201945,gerald,henderson,[PHI] Henderson Substitution replaced by Ilyasova
06:04,13-11,PHI,203967,dario,saric,[PHI] Saric Substitution replaced by Stauskas
05:58,13-11,UTA,202714,shelvin,mack,[UTA] Mack Turnover : Lost Ball (1 TO) Steal:Rodriguez (1 ST)
05:53,13-11,UTA,202324,derrick,favors,[UTA] Favors Foul: Shooting (1 PF) (2 FTA) (L Holtkamp)
05:53,14-11,PHI,203496,robert,covington,[PHI 14-11] Covington Free Throw 1 of 2 (7 PTS)
05:53,14-11,UTA,203918,rodney,hood,[UTA] Hood Substitution replaced by Ingles
05:53,14-11,PHI,203496,robert,covington,[PHI] Covington Free Throw 2 of 2 Missed
05:51,14-11,UTA,203497,rudy,gobert,[UTA] Gobert Rebound (Off:0 Def:3)
05:36,14-13,UTA,202324,derrick,favors,[UTA 13-14] Favors Jump Shot: Made (4 PTS) Assist: Ingles (1 AST)
05:18,16-13,PHI,200771,sergio,rodriguez,[PHI 16-13] Rodriguez Jump Shot: Made (2 PTS)
05:04,16-13,PHI,203496,robert,covington,[PHI] Covington Foul: Personal (1 PF) (B Kennedy)
05:04,16-13,PHI,200771,sergio,rodriguez,[PHI] Rodriguez Substitution replaced by McConnell
05:04,16-13,UTA,202324,derrick,favors,[UTA] Favors Substitution replaced by Exum
05:04,16-13,UTA,202714,shelvin,mack,[UTA] Mack Substitution replaced by Lyles
05:03,16-13,PHI,203496,robert,covington,[PHI] Covington Substitution replaced by Thompson
04:55,16-15,UTA,203497,rudy,gobert,[UTA 15-16] Gobert Driving Dunk Shot: Made (6 PTS) Assist: Hayward (1 AST)
04:45,16-15,PHI,101141,ersan,ilyasova,[PHI] Ilyasova Turnover : Bad Pass (1 TO) Steal:Ingles (1 ST)
04:29,16-17,UTA,202330,gordon,hayward,[UTA 17-16] Hayward Pullup Jump shot: Made (4 PTS)
04:17,16-17,UTA,1626168,trey,lyles,[UTA] Lyles Foul: Shooting (1 PF) (2 FTA) (L Holtkamp)
04:17,16-17,PHI,1626143,jahlil,okafor,[PHI] Okafor Free Throw 1 of 2 Missed
04:17,16-17,PHI,,,,[PHI] Team Rebound
04:17,17-17,PHI,1626143,jahlil,okafor,[PHI 17-17] Okafor Free Throw 2 of 2 (3 PTS)
04:02,17-19,UTA,203497,rudy,gobert,[UTA 19-17] Gobert Dunk Shot: Made (8 PTS) Assist: Hayward (2 AST)
04:02,17-19,PHI,203917,nik,stauskas,[PHI] Stauskas Foul: Shooting (1 PF) (1 FTA) (B Kennedy)
04:02,17-19,UTA,203497,rudy,gobert,[UTA] Gobert Free Throw 1 of 1 Missed
04:01,17-19,PHI,1626143,jahlil,okafor,[PHI] Okafor Rebound (Off:0 Def:1)
03:49,17-19,PHI,204456,t.j.,mcconnell,[PHI] McConnell Jump Shot: Missed Block: Exum (1 BLK)
03:46,17-19,UTA,203497,rudy,gobert,[UTA] Gobert Rebound (Off:0 Def:4)
03:39,17-19,UTA,204060,joe,ingles,[UTA] Ingles Driving Layup Shot: Missed
03:36,17-19,UTA,204060,joe,ingles,[UTA] Ingles Rebound (Off:1 Def:0)
03:36,17-21,UTA,204060,joe,ingles,[UTA 21-17] Ingles Putback Layup Shot: Made (2 PTS)
03:13,17-21,PHI,1626143,jahlil,okafor,[PHI] Okafor Jump Shot: Missed
03:13,17-21,PHI,,,,[PHI] Team Rebound
03:13,17-21,UTA,1626168,trey,lyles,[UTA] Lyles Foul: Loose Ball (2 PF) (M Smith)
03:13,17-21,PHI,,,,[PHI] Team Timeout : Regular
03:13,17-21,PHI,1626143,jahlil,okafor,[PHI] Okafor Substitution replaced by Embiid
02:59,20-21,PHI,101141,ersan,ilyasova,[PHI 20-21] Ilyasova 3pt Shot: Made (3 PTS) Assist: McConnell (1 AST)
02:39,20-21,UTA,203497,rudy,gobert,[UTA] Gobert Foul: Offensive (1 PF) (B Kennedy)
02:39,20-21,UTA,203497,rudy,gobert,[UTA] Gobert Turnover : Foul (1 TO)
02:26,20-21,PHI,203917,nik,stauskas,[PHI] Stauskas 3pt Shot: Missed
02:24,20-21,UTA,202330,gordon,hayward,[UTA] Hayward Rebound (Off:0 Def:1)
02:16,20-23,UTA,202330,gordon,hayward,[UTA 23-20] Hayward Turnaround Jump Shot: Made (6 PTS)
02:03,20-23,PHI,203954,joel,embiid,[PHI] Embiid Turnover : Lost Ball (1 TO) Steal:Ingles (2 ST)
02:00,20-25,UTA,204060,joe,ingles,[UTA 25-20] Ingles Running Layup Shot: Made (4 PTS)
02:00,20-25,PHI,204456,t.j.,mcconnell,[PHI] McConnell Foul: Shooting (1 PF) (1 FTA) (L Holtkamp)
02:00,20-25,UTA,202330,gordon,hayward,[UTA] Hayward Substitution replaced by Johnson
02:00,20-25,UTA,203497,rudy,gobert,[UTA] Gobert Substitution replaced by Favors
02:00,20-26,UTA,204060,joe,ingles,[UTA 26-20] Ingles Free Throw 1 of 1 (5 PTS)
01:55,20-26,UTA,203957,dante,exum,[UTA] Exum Foul: Personal (1 PF) (M Smith)
01:44,20-26,PHI,204456,t.j.,mcconnell,[PHI] McConnell Jump Shot: Missed
01:42,20-26,UTA,204060,joe,ingles,[UTA] Ingles Rebound (Off:1 Def:1)
01:33,20-26,UTA,1626168,trey,lyles,[UTA] Lyles 3pt Shot: Missed
01:32,20-26,UTA,203957,dante,exum,[UTA] Exum Rebound (Off:1 Def:0)
01:19,20-26,UTA,204060,joe,ingles,[UTA] Ingles Jump Shot: Missed
01:19,20-26,PHI,,,,[PHI] Team Rebound
01:08,20-26,UTA,202324,derrick,favors,[UTA] Favors Foul: Personal (2 PF) (2 FTA) (M Smith)
01:08,21-26,PHI,203954,joel,embiid,[PHI 21-26] Embiid Free Throw 1 of 2 (1 PTS)
01:08,21-26,PHI,203954,joel,embiid,[PHI] Embiid Free Throw 2 of 2 Missed
01:06,21-26,UTA,202324,derrick,favors,[UTA] Favors Rebound (Off:2 Def:3)
00:50.2,21-26,UTA,1626168,trey,lyles,[UTA] Lyles Jump Shot: Missed
00:50.2,21-26,UTA,202324,derrick,favors,[UTA] Favors Rebound (Off:3 Def:3)
00:50.2,21-28,UTA,202324,derrick,favors,[UTA 28-21] Favors Putback Layup Shot: Made (6 PTS)
00:40.8,21-28,PHI,101141,ersan,ilyasova,[PHI] Ilyasova Turnover : Bad Pass (2 TO) Steal:Ingles (3 ST)
00:38.6,21-30,UTA,204060,joe,ingles,[UTA 30-21] Ingles Running Finger Roll Layup Shot: Made (7 PTS)
00:25.0,23-30,PHI,203917,nik,stauskas,[PHI 23-30] Stauskas Driving Layup Shot: Made (2 PTS) Assist: McConnell (2 AST)
00:25.0,23-30,UTA,203957,dante,exum,[UTA] Exum Foul: Away From Play (2 PF) (1 FTA) (B Kennedy)
00:25.0,23-30,UTA,204060,joe,ingles,[UTA] Ingles Substitution replaced by Hayward
00:25.0,24-30,PHI,203954,joel,embiid,[PHI 24-30] Embiid Free Throw 1 of 1 (2 PTS)
00:25.0,24-30,UTA,1626168,trey,lyles,[UTA] Lyles Substitution replaced by Hood
00:02.8,24-30,UTA,203957,dante,exum,[UTA] Exum 3pt Shot: Missed
00:01.9,24-30,PHI,203917,nik,stauskas,[PHI] Stauskas Rebound (Off:0 Def:1)
End of 1st Quarter
Start of 2nd Quarter
11:39,24-30,PHI,101141,ersan,ilyasova,[PHI] Ilyasova Layup Shot: Missed Block: Ingles (1 BLK)
11:39,24-30,PHI,,,,[PHI] Team Rebound
11:36,26-30,PHI,101141,ersan,ilyasova,[PHI 26-30] Ilyasova Jump Shot: Made (5 PTS) Assist: McConnell (3 AST)
11:10,26-32,UTA,203918,rodney,hood,[UTA 32-26] Hood Pullup Jump shot: Made (2 PTS)
10:59,26-32,PHI,101141,ersan,ilyasova,[PHI] Ilyasova 3pt Shot: Missed
10:57,26-32,UTA,202324,derrick,favors,[UTA] Favors Rebound (Off:3 Def:4)
10:41,26-32,PHI,1626143,jahlil,okafor,[PHI] Okafor Foul: Shooting (1 PF) (2 FTA) (B Kennedy)
10:41,26-32,UTA,202324,derrick,favors,[UTA] Favors Free Throw 1 of 2 Missed
10:41,26-32,UTA,,,,[UTA] Team Rebound
10:41,26-33,UTA,202324,derrick,favors,[UTA 33-26] Favors Free Throw 2 of 2 (7 PTS)
10:25,29-33,PHI,203917,nik,stauskas,[PHI 29-33] Stauskas 3pt Shot: Made (5 PTS)
10:09,29-35,UTA,202324,derrick,favors,[UTA 35-29] Favors Pullup Jump shot: Made (9 PTS) Assist: Ingles (2 AST)
09:53,31-35,PHI,1626143,jahlil,okafor,[PHI 31-35] Okafor Driving Layup Shot: Made (5 PTS)
09:32,31-37,UTA,203918,rodney,hood,[UTA 37-31] Hood Pullup Jump shot: Made (4 PTS)
09:21,33-37,PHI,203138,hollis,thompson,[PHI 33-37] Thompson Cutting Layup Shot: Made (2 PTS) Assist: Ilyasova (1 AST)
09:06,33-37,PHI,1626143,jahlil,okafor,[PHI] Okafor Foul: Shooting (2 PF) (2 FTA) (M Smith)
09:06,33-37,UTA,202324,derrick,favors,[UTA] Favors Free Throw 1 of 2 Missed
09:06,33-37,UTA,,,,[UTA] Team Rebound
09:06,33-37,UTA,203957,dante,exum,[UTA] Exum Substitution replaced by Mack
09:06,33-37,PHI,101141,ersan,ilyasova,[PHI] Ilyasova Substitution replaced by Saric
09:06,33-37,PHI,203138,hollis,thompson,[PHI] Thompson Substitution replaced by Henderson
09:06,33-38,UTA,202324,derrick,favors,[UTA 38-33] Favors Free Throw 2 of 2 (10 PTS)
08:43,33-38,PHI,1626143,jahlil,okafor,[PHI] Okafor Layup Shot: Missed Block: Favors (1 BLK)
08:40,33-38,PHI,203917,nik,stauskas,[PHI] Stauskas Rebound (Off:1 Def:1)
08:39,35-38,PHI,203917,nik,stauskas,[PHI 35-38] Stauskas Dunk Shot: Made (7 PTS)
08:31,35-38,UTA,202324,derrick,favors,[UTA] Favors Jump Shot: Missed Block: Okafor (1 BLK)
08:29,35-38,PHI,201945,gerald,henderson,[PHI] Henderson Rebound (Off:0 Def:2)
08:28,35-38,UTA,202714,shelvin,mack,[UTA] Mack Foul: Personal (1 PF) (L Holtkamp)
Official Timeout
08:28,35-38,PHI,204456,t.j.,mcconnell,[PHI] McConnell Substitution replaced by Rodriguez
08:28,35-38,PHI,203917,nik,stauskas,[PHI] Stauskas Substitution replaced by Covington
08:28,35-38,UTA,204060,joe,ingles,[UTA] Ingles Substitution replaced by Lyles
08:28,35-38,UTA,202324,derrick,favors,[UTA] Favors Substitution replaced by Gobert
08:22,35-38,PHI,1626143,jahlil,okafor,[PHI] Okafor Foul: Offensive (3 PF) (M Smith)
08:22,35-38,PHI,1626143,jahlil,okafor,[PHI] Okafor Turnover : Foul (1 TO)
08:04,35-38,UTA,2207,joe,johnson,[UTA] Johnson Step Back Jump shot: Missed
08:02,35-38,PHI,203967,dario,saric,[PHI] Saric Rebound (Off:0 Def:1)
07:47,35-38,PHI,1626143,jahlil,okafor,[PHI] Okafor Reverse Layup Shot: Missed Block: Gobert (2 BLK)
07:44,35-38,UTA,203497,rudy,gobert,[UTA] Gobert Rebound (Off:0 Def:5)
07:30,35-38,UTA,202714,shelvin,mack,[UTA] Mack Jump Shot: Missed
07:29,35-38,PHI,203496,robert,covington,[PHI] Covington Rebound (Off:0 Def:2)
07:18,35-38,PHI,203967,dario,saric,[PHI] Saric Layup Shot: Missed
07:16,35-38,UTA,2207,joe,johnson,[UTA] Johnson Rebound (Off:0 Def:1)
07:07,35-40,UTA,203918,rodney,hood,[UTA 40-35] Hood Driving Layup Shot: Made (6 PTS)
06:47,35-40,PHI,201945,gerald,henderson,[PHI] Henderson 3pt Shot: Missed
06:46,35-40,UTA,203497,rudy,gobert,[UTA] Gobert Rebound (Off:0 Def:6)
06:31,35-43,UTA,1626168,trey,lyles,[UTA 43-35] Lyles 3pt Shot: Made (3 PTS) Assist: Johnson (1 AST)
06:30,35-43,PHI,,,,[PHI] Team Timeout : Regular
06:30,35-43,PHI,1626143,jahlil,okafor,[PHI] Okafor Substitution replaced by Embiid
06:18,35-43,UTA,203497,rudy,gobert,[UTA] Gobert Foul: Shooting (2 PF) (2 FTA) (B Kennedy)
06:18,35-43,PHI,203954,joel,embiid,[PHI] Embiid Free Throw 1 of 2 Missed
06:18,35-43,PHI,,,,[PHI] Team Rebound
06:18,36-43,PHI,203954,joel,embiid,[PHI 36-43] Embiid Free Throw 2 of 2 (3 PTS)
06:05,36-46,UTA,203918,rodney,hood,[UTA 46-36] Hood 3pt Shot: Made (9 PTS) Assist: Mack (2 AST)
05:44,36-46,PHI,201945,gerald,henderson,[PHI] Henderson Jump Shot: Missed
05:42,36-46,PHI,203954,joel,embiid,[PHI] Embiid Rebound (Off:1 Def:1)
05:34,36-46,PHI,203954,joel,embiid,[PHI] Embiid Turnover : Lost Ball (2 TO) Steal:Gobert (1 ST)
05:27,36-46,PHI,203954,joel,embiid,[PHI] Embiid Foul: Shooting (2 PF) (2 FTA) (L Holtkamp)
05:27,36-46,UTA,203497,rudy,gobert,[UTA] Gobert Free Throw 1 of 2 Missed
05:27,36-46,UTA,,,,[UTA] Team Rebound
05:27,36-46,UTA,2207,joe,johnson,[UTA] Johnson Substitution replaced by Hayward
05:27,36-46,UTA,203497,rudy,gobert,[UTA] Gobert Free Throw 2 of 2 Missed
05:25,36-46,PHI,203954,joel,embiid,[PHI] Embiid Rebound (Off:1 Def:2)
05:10,36-46,PHI,200771,sergio,rodriguez,[PHI] Rodriguez Driving Finger Roll Layup Shot: Missed
05:09,36-46,PHI,203954,joel,embiid,[PHI] Embiid Rebound (Off:2 Def:2)
05:09,36-46,PHI,203954,joel,embiid,[PHI] Embiid Layup Shot: Missed Block: Lyles (1 BLK)
05:09,36-46,UTA,,,,[UTA] Team Rebound
04:53,36-46,UTA,203918,rodney,hood,[UTA] Hood Jump Shot: Missed
04:50,36-46,PHI,203954,joel,embiid,[PHI] Embiid Rebound (Off:2 Def:3)
04:34,36-46,PHI,203954,joel,embiid,[PHI] Embiid Hook Shot: Missed
04:32,36-46,PHI,203954,joel,embiid,[PHI] Embiid Rebound (Off:3 Def:3)
04:31,38-46,PHI,203954,joel,embiid,[PHI 38-46] Embiid Putback Layup Shot: Made (5 PTS)
04:23,38-46,UTA,203497,rudy,gobert,[UTA] Gobert Foul: Offensive (3 PF) (M Smith)
04:23,38-46,UTA,203497,rudy,gobert,[UTA] Gobert Turnover : Foul (2 TO)
04:23,38-46,UTA,202714,shelvin,mack,[UTA] Mack Substitution replaced by Johnson
04:23,38-46,UTA,203497,rudy,gobert,[UTA] Gobert Substitution replaced by Exum
04:23,38-46,UTA,203918,rodney,hood,[UTA] Hood Substitution replaced by Favors
04:12,38-46,UTA,203957,dante,exum,[UTA] Exum Foul: Shooting (3 PF) (2 FTA) (B Kennedy)
04:12,38-46,PHI,203954,joel,embiid,[PHI] Embiid Free Throw 1 of 2 Missed
04:12,38-46,PHI,,,,[PHI] Team Rebound
04:12,38-46,UTA,203957,dante,exum,[UTA] Exum Substitution replaced by Mack
04:12,39-46,PHI,203954,joel,embiid,[PHI 39-46] Embiid Free Throw 2 of 2 (6 PTS)
03:59,39-46,UTA,202714,shelvin,mack,[UTA] Mack Jump Shot: Missed
03:57,39-46,UTA,2207,joe,johnson,[UTA] Johnson Rebound (Off:1 Def:1)
03:52,39-46,UTA,1626168,trey,lyles,[UTA] Lyles 3pt Shot: Missed
03:51,39-46,PHI,203954,joel,embiid,[PHI] Embiid Rebound (Off:3 Def:4)
03:49,39-46,PHI,203954,joel,embiid,[PHI] Embiid Turnover : Traveling (3 TO)
03:49,39-46,UTA,,,,[UTA] Team Timeout : Regular
03:42,39-48,UTA,202330,gordon,hayward,[UTA 48-39] Hayward Driving Dunk Shot: Made (8 PTS)
03:25,41-48,PHI,203967,dario,saric,[PHI 41-48] Saric Jump Shot: Made (4 PTS) Assist: Rodriguez (4 AST)
03:08,41-48,UTA,202324,derrick,favors,[UTA] Favors Jump Shot: Missed
03:07,41-48,PHI,200771,sergio,rodriguez,[PHI] Rodriguez Rebound (Off:1 Def:2)
02:53,41-48,PHI,203967,dario,saric,[PHI] Saric Turnover : Bad Pass (2 TO) Steal:Favors (1 ST)
02:45,41-50,UTA,202714,shelvin,mack,[UTA 50-41] Mack Driving Floating Jump Shot: Made (5 PTS)
02:26,41-50,PHI,203954,joel,embiid,[PHI] Embiid Substitution replaced by Okafor
02:26,41-50,PHI,203967,dario,saric,[PHI] Saric Substitution replaced by Ilyasova
02:26,41-50,UTA,2207,joe,johnson,[UTA] Johnson Substitution replaced by Hood
02:22,41-50,PHI,200771,sergio,rodriguez,[PHI] Rodriguez 3pt Shot: Missed
02:20,41-50,UTA,202324,derrick,favors,[UTA] Favors Rebound (Off:3 Def:5)
02:08,41-50,UTA,1626168,trey,lyles,[UTA] Lyles Jump Shot: Missed
02:06,41-50,PHI,200771,sergio,rodriguez,[PHI] Rodriguez Rebound (Off:1 Def:3)
02:00,41-50,PHI,101141,ersan,ilyasova,[PHI] Ilyasova Layup Shot: Missed Block: Favors (2 BLK)
01:58,41-50,PHI,101141,ersan,ilyasova,[PHI] Ilyasova Rebound (Off:1 Def:0)
01:57,41-50,PHI,101141,ersan,ilyasova,[PHI] Ilyasova Layup Shot: Missed
01:55,41-50,UTA,203918,rodney,hood,[UTA] Hood Rebound (Off:0 Def:2)
01:51,41-50,UTA,1626168,trey,lyles,[UTA] Lyles Turnover : Offensive Goaltending (1 TO)
01:51,41-50,PHI,201945,gerald,henderson,[PHI] Henderson Substitution replaced by Stauskas
01:39,41-50,PHI,200771,sergio,rodriguez,[PHI] Rodriguez Jump Shot: Missed
01:38,41-50,UTA,202324,derrick,favors,[UTA] Favors Rebound (Off:3 Def:6)
01:29,41-52,UTA,202330,gordon,hayward,[UTA 52-41] Hayward Reverse Layup Shot: Made (10 PTS) Assist: Mack (3 AST)
01:15,41-52,PHI,101141,ersan,ilyasova,[PHI] Ilyasova Jump Shot: Missed Block: Favors (3 BLK)
01:13,41-52,PHI,1626143,jahlil,okafor,[PHI] Okafor Rebound (Off:1 Def:1)
01:12,43-52,PHI,1626143,jahlil,okafor,[PHI 43-52] Okafor Putback Layup Shot: Made (7 PTS)
01:05,43-52,UTA,,,,[UTA] Team Timeout : Short
01:05,43-52,PHI,1626143,jahlil,okafor,[PHI] Okafor Substitution replaced by Saric
01:05,43-52,UTA,1626168,trey,lyles,[UTA] Lyles Substitution replaced by Ingles
01:00,43-52,PHI,203917,nik,stauskas,[PHI] Stauskas Foul: Personal (2 PF) (B Kennedy)
00:56.9,43-52,UTA,202330,gordon,hayward,[UTA] Hayward Layup Shot: Missed
00:54.3,43-52,PHI,203496,robert,covington,[PHI] Covington Rebound (Off:0 Def:3)
00:43.2,43-52,PHI,200771,sergio,rodriguez,[PHI] Rodriguez Turnover : Bad Pass (2 TO) Steal:Mack (1 ST)
00:31.9,43-52,UTA,203918,rodney,hood,[UTA] Hood Jump Shot: Missed
00:30.9,43-52,PHI,203496,robert,covington,[PHI] Covington Rebound (Off:0 Def:4)
00:12.8,43-52,PHI,200771,sergio,rodriguez,[PHI] Rodriguez 3pt Shot: Missed
00:11.9,43-52,UTA,202324,derrick,favors,[UTA] Favors Rebound (Off:3 Def:7)
00:00.1,43-52,UTA,202330,gordon,hayward,[UTA] Hayward Turnover : Lost Ball (2 TO) Steal:Rodriguez (2 ST)
End of 2nd Quarter
Start of 3rd Quarter
11:46,43-52,PHI,203967,dario,saric,[PHI] Saric Jump Shot: Missed
11:46,43-52,PHI,203954,joel,embiid,[PHI] Embiid Rebound (Off:4 Def:4)
11:46,43-52,UTA,203497,rudy,gobert,[UTA] Gobert Foul: Loose Ball (4 PF) (M Smith)
11:46,43-52,UTA,203497,rudy,gobert,[UTA] Gobert Substitution replaced by Lyles
11:33,45-52,PHI,203496,robert,covington,[PHI 45-52] Covington Layup Shot: Made (9 PTS) Assist: Saric (1 AST)
11:09,45-52,UTA,202330,gordon,hayward,[UTA] Hayward 3pt Shot: Missed
11:07,45-52,PHI,201945,gerald,henderson,[PHI] Henderson Rebound (Off:0 Def:3)
11:00,45-52,PHI,201945,gerald,henderson,[PHI] Henderson Jump Shot: Missed
10:59,45-52,PHI,,,,[PHI] Team Rebound
10:59,45-52,UTA,202714,shelvin,mack,[UTA] Mack Foul: Loose Ball (2 PF) (B Kennedy)
10:46,45-52,UTA,202324,derrick,favors,[UTA] Favors Foul: Shooting (3 PF) (2 FTA) (L Holtkamp)
10:46,46-52,PHI,203954,joel,embiid,[PHI 46-52] Embiid Free Throw 1 of 2 (7 PTS)
10:46,47-52,PHI,203954,joel,embiid,[PHI 47-52] Embiid Free Throw 2 of 2 (8 PTS)
10:41,47-54,UTA,1626168,trey,lyles,[UTA 54-47] Lyles Running Finger Roll Layup Shot: Made (5 PTS)
10:32,47-54,PHI,203954,joel,embiid,[PHI] Embiid Foul: Offensive (3 PF) (M Smith)
10:32,47-54,PHI,203954,joel,embiid,[PHI] Embiid Turnover : Foul (4 TO)
10:24,47-54,PHI,203496,robert,covington,[PHI] Covington Foul: Personal (2 PF) (B Kennedy)
10:11,47-54,UTA,202330,gordon,hayward,[UTA] Hayward Jump Shot: Missed
10:10,47-54,PHI,203967,dario,saric,[PHI] Saric Rebound (Off:0 Def:2)
09:54,47-54,PHI,203967,dario,saric,[PHI] Saric Layup Shot: Missed Block: Hood (1 BLK)
09:50,47-54,UTA,202324,derrick,favors,[UTA] Favors Rebound (Off:3 Def:8)
09:50,47-56,UTA,202324,derrick,favors,[UTA 56-47] Favors Jump Shot: Made (12 PTS) Assist: Lyles (1 AST)
09:24,49-56,PHI,200771,sergio,rodriguez,[PHI 49-56] Rodriguez Turnaround Jump Shot: Made (4 PTS)
09:15,49-56,PHI,203954,joel,embiid,[PHI] Embiid Foul: Shooting (4 PF) (2 FTA) (L Holtkamp)
09:15,49-56,UTA,202324,derrick,favors,[UTA] Favors Free Throw 1 of 2 Missed
09:15,49-56,UTA,,,,[UTA] Team Rebound
09:15,49-56,PHI,203954,joel,embiid,[PHI] Embiid Substitution replaced by Okafor
09:15,49-57,UTA,202324,derrick,favors,[UTA 57-49] Favors Free Throw 2 of 2 (13 PTS)
09:00,51-57,PHI,1626143,jahlil,okafor,[PHI 51-57] Okafor Layup Shot: Made (9 PTS) Assist: Rodriguez (5 AST)
08:41,51-60,UTA,203918,rodney,hood,[UTA 60-51] Hood 3pt Shot: Made (12 PTS) Assist: Hayward (3 AST)
08:22,51-60,PHI,201945,gerald,henderson,[PHI] Henderson Foul: Offensive Charge (2 PF) (L Holtkamp)
08:22,51-60,PHI,201945,gerald,henderson,[PHI] Henderson Turnover : Foul (1 TO)
08:22,51-60,PHI,203967,dario,saric,[PHI] Saric Substitution replaced by Ilyasova
08:05,51-60,UTA,1626168,trey,lyles,[UTA] Lyles Jump Shot: Missed
08:03,51-60,PHI,203496,robert,covington,[PHI] Covington Rebound (Off:0 Def:5)
07:56,54-60,PHI,203496,robert,covington,[PHI 54-60] Covington 3pt Shot: Made (12 PTS) Assist: Ilyasova (2 AST)
07:42,54-62,UTA,202324,derrick,favors,[UTA 62-54] Favors Turnaround Jump Shot: Made (15 PTS) Assist: Mack (4 AST)
07:32,54-62,PHI,101141,ersan,ilyasova,[PHI] Ilyasova 3pt Shot: Missed
07:31,54-62,UTA,202330,gordon,hayward,[UTA] Hayward Rebound (Off:0 Def:2)
07:15,54-62,UTA,202324,derrick,favors,[UTA] Favors Reverse Layup Shot: Missed
07:13,54-62,PHI,101141,ersan,ilyasova,[PHI] Ilyasova Rebound (Off:1 Def:1)
07:02,54-62,PHI,1626143,jahlil,okafor,[PHI] Okafor Turnaround Jump Shot: Missed
07:00,54-62,UTA,202324,derrick,favors,[UTA] Favors Rebound (Off:3 Def:9)
06:52,54-65,UTA,202714,shelvin,mack,[UTA 65-54] Mack 3pt Shot: Made (8 PTS)
06:51,54-65,PHI,,,,[PHI] Team Timeout : Regular
06:51,54-65,PHI,201945,gerald,henderson,[PHI] Henderson Substitution replaced by Thompson
06:51,54-65,UTA,203918,rodney,hood,[UTA] Hood Substitution replaced by Ingles
06:36,54-65,PHI,1626143,jahlil,okafor,[PHI] Okafor Turnover : Traveling (2 TO)
06:18,54-65,UTA,202324,derrick,favors,[UTA] Favors Jump Shot: Missed
06:17,54-65,PHI,1626143,jahlil,okafor,[PHI] Okafor Rebound (Off:1 Def:2)
06:06,54-65,PHI,203496,robert,covington,[PHI] Covington 3pt Shot: Missed
06:04,54-65,UTA,202324,derrick,favors,[UTA] Favors Rebound (Off:3 Def:10)
05:54,54-67,UTA,202330,gordon,hayward,[UTA 67-54] Hayward Pullup Jump shot: Made (12 PTS)
05:39,54-67,PHI,1626143,jahlil,okafor,[PHI] Okafor Layup Shot: Missed
05:38,54-67,UTA,202330,gordon,hayward,[UTA] Hayward Rebound (Off:0 Def:3)
05:28,54-67,UTA,202330,gordon,hayward,[UTA] Hayward Foul: Offensive Charge (1 PF) (B Kennedy)
05:28,54-67,UTA,202330,gordon,hayward,[UTA] Hayward Turnover : Foul (3 TO)
05:28,54-67,PHI,200771,sergio,rodriguez,[PHI] Rodriguez Substitution replaced by McConnell
05:28,54-67,PHI,203496,robert,covington,[PHI] Covington Substitution replaced by Stauskas
05:14,54-67,PHI,101141,ersan,ilyasova,[PHI] Ilyasova Jump Shot: Missed
05:12,54-67,PHI,1626143,jahlil,okafor,[PHI] Okafor Rebound (Off:2 Def:2)
05:10,54-67,PHI,1626143,jahlil,okafor,[PHI] Okafor Layup Shot: Missed
05:08,54-67,UTA,204060,joe,ingles,[UTA] Ingles Rebound (Off:1 Def:2)
05:01,54-67,UTA,204060,joe,ingles,[UTA] Ingles 3pt Shot: Missed
04:59,54-67,PHI,204456,t.j.,mcconnell,[PHI] McConnell Rebound (Off:0 Def:1)
04:41,54-67,PHI,204456,t.j.,mcconnell,[PHI] McConnell Turnover : Bad Pass (1 TO) Steal:Mack (2 ST)
04:24,54-69,UTA,202330,gordon,hayward,[UTA 69-54] Hayward Layup Shot: Made (14 PTS) Assist: Mack (5 AST)
04:02,54-69,PHI,203138,hollis,thompson,[PHI] Thompson Jump Shot: Missed
04:01,54-69,UTA,202330,gordon,hayward,[UTA] Hayward Rebound (Off:0 Def:4)
03:49,54-69,PHI,203138,hollis,thompson,[PHI] Thompson Foul: Shooting (1 PF) (2 FTA) (L Holtkamp)
03:49,54-70,UTA,202324,derrick,favors,[UTA 70-54] Favors Free Throw 1 of 2 (16 PTS)
03:49,54-70,UTA,202714,shelvin,mack,[UTA] Mack Substitution replaced by Exum
03:49,54-70,PHI,1626143,jahlil,okafor,[PHI] Okafor Substitution replaced by Holmes
03:49,54-70,UTA,202324,derrick,favors,[UTA] Favors Free Throw 2 of 2 Missed
03:49,54-70,PHI,101141,ersan,ilyasova,[PHI] Ilyasova Rebound (Off:1 Def:2)
03:31,54-70,UTA,203957,dante,exum,[UTA] Exum Foul: Personal (4 PF) (M Smith)
03:31,54-70,UTA,202324,derrick,favors,[UTA] Favors Substitution replaced by Withey
03:29,54-70,PHI,203917,nik,stauskas,[PHI] Stauskas Turnover : Out of Bounds - Bad Pass Turnover (1 TO)
03:17,54-70,UTA,1626168,trey,lyles,[UTA] Lyles Driving Layup Shot: Missed
03:15,54-70,PHI,203138,hollis,thompson,[PHI] Thompson Rebound (Off:0 Def:1)
03:04,54-70,UTA,203481,jeff,withey,[UTA] Withey Foul: Shooting Block (1 PF) (2 FTA) (B Kennedy)
03:04,55-70,PHI,101141,ersan,ilyasova,[PHI 55-70] Ilyasova Free Throw 1 of 2 (6 PTS)
03:04,56-70,PHI,101141,ersan,ilyasova,[PHI 56-70] Ilyasova Free Throw 2 of 2 (7 PTS)
02:54,56-70,UTA,203957,dante,exum,[UTA] Exum Layup Shot: Missed
02:52,56-70,UTA,203481,jeff,withey,[UTA] Withey Rebound (Off:1 Def:0)
02:52,56-72,UTA,203481,jeff,withey,[UTA 72-56] Withey Tip Layup Shot: Made (2 PTS)
02:43,56-72,PHI,101141,ersan,ilyasova,[PHI] Ilyasova 3pt Shot: Missed
02:41,56-72,UTA,203957,dante,exum,[UTA] Exum Rebound (Off:1 Def:1)
02:29,56-72,UTA,202330,gordon,hayward,[UTA] Hayward 3pt Shot: Missed
02:28,56-72,PHI,203138,hollis,thompson,[PHI] Thompson Rebound (Off:0 Def:2)
02:08,56-72,PHI,203917,nik,stauskas,[PHI] Stauskas 3pt Shot: Missed
02:06,56-72,UTA,202330,gordon,hayward,[UTA] Hayward Rebound (Off:0 Def:5)
01:48,56-72,UTA,202330,gordon,hayward,[UTA] Hayward Jump Shot: Missed
01:47,56-72,UTA,202330,gordon,hayward,[UTA] Hayward Rebound (Off:1 Def:5)
01:44,56-72,UTA,202330,gordon,hayward,[UTA] Hayward Fadeaway Jump Shot: Missed
01:42,56-72,PHI,1626158,richaun,holmes,[PHI] Holmes Rebound (Off:0 Def:1)
01:37,56-72,UTA,202330,gordon,hayward,[UTA] Hayward Foul: Shooting (2 PF) (3 FTA) (L Holtkamp)
01:37,56-72,UTA,,,,[UTA] Team Timeout : Regular
01:37,57-72,PHI,101141,ersan,ilyasova,[PHI 57-72] Ilyasova Free Throw 1 of 3 (8 PTS)
01:37,57-72,PHI,1626158,richaun,holmes,[PHI] Holmes Substitution replaced by Embiid
01:37,57-72,UTA,204060,joe,ingles,[UTA] Ingles Substitution replaced by Hood
01:37,57-72,UTA,202330,gordon,hayward,[UTA] Hayward Substitution replaced by Johnson
01:37,58-72,PHI,101141,ersan,ilyasova,[PHI 58-72] Ilyasova Free Throw 2 of 3 (9 PTS)
01:37,59-72,PHI,101141,ersan,ilyasova,[PHI 59-72] Ilyasova Free Throw 3 of 3 (10 PTS)
01:19,59-72,UTA,1626168,trey,lyles,[UTA] Lyles Jump Shot: Missed
01:18,59-72,UTA,2207,joe,johnson,[UTA] Johnson Rebound (Off:2 Def:1)
01:12,59-72,UTA,2207,joe,johnson,[UTA] Johnson Jump Shot: Missed
01:09,59-72,PHI,203954,joel,embiid,[PHI] Embiid Rebound (Off:4 Def:5)
01:00,61-72,PHI,203954,joel,embiid,[PHI 61-72] Embiid Turnaround Hook Shot: Made (10 PTS)
00:44.9,61-72,UTA,203918,rodney,hood,[UTA] Hood Jump Shot: Missed
00:43.6,61-72,UTA,203481,jeff,withey,[UTA] Withey Rebound (Off:2 Def:0)
00:43.6,61-74,UTA,203481,jeff,withey,[UTA 74-61] Withey Reverse Layup Shot: Made (4 PTS)
00:28.9,61-74,PHI,101141,ersan,ilyasova,[PHI] Ilyasova 3pt Shot: Missed
00:26.9,61-74,UTA,1626168,trey,lyles,[UTA] Lyles Rebound (Off:0 Def:1)
00:09.1,61-74,PHI,203917,nik,stauskas,[PHI] Stauskas Foul: Personal (3 PF) (M Smith)
00:04.6,61-77,UTA,203957,dante,exum,[UTA 77-61] Exum 3pt Shot: Made (3 PTS) Assist: Withey (1 AST)
End of 3rd Quarter
Start of 4th Quarter
11:39,61-77,UTA,203918,rodney,hood,[UTA] Hood Turnaround Fadeaway shot: Missed
11:38,61-77,PHI,203496,robert,covington,[PHI] Covington Rebound (Off:0 Def:6)
11:19,63-77,PHI,203954,joel,embiid,[PHI 63-77] Embiid Turnaround Bank Hook Shot: Made (12 PTS)
10:57,63-80,UTA,203918,rodney,hood,[UTA 80-63] Hood 3pt Shot: Made (15 PTS) Assist: Lyles (2 AST)
10:36,65-80,PHI,203954,joel,embiid,[PHI 65-80] Embiid Jump Shot: Made (14 PTS) Assist: Saric (2 AST)
10:18,65-82,UTA,203957,dante,exum,[UTA 82-65] Exum Driving Finger Roll Layup Shot: Made (5 PTS)
10:05,65-82,UTA,203497,rudy,gobert,[UTA] Gobert Foul: Personal (5 PF) (L Holtkamp)
10:05,65-82,UTA,203497,rudy,gobert,[UTA] Gobert Substitution replaced by Favors
09:52,65-82,PHI,203954,joel,embiid,[PHI] Embiid Turnover : Traveling (5 TO)
09:33,65-82,UTA,203918,rodney,hood,[UTA] Hood 3pt Shot: Missed
09:31,65-82,PHI,203496,robert,covington,[PHI] Covington Rebound (Off:0 Def:7)
09:24,67-82,PHI,200771,sergio,rodriguez,[PHI 67-82] Rodriguez Driving Layup Shot: Made (6 PTS)
09:03,67-82,PHI,203954,joel,embiid,[PHI] Embiid Foul: Shooting (5 PF) (2 FTA) (M Smith)
09:03,67-83,UTA,1626168,trey,lyles,[UTA 83-67] Lyles Free Throw 1 of 2 (6 PTS)
09:03,67-83,UTA,203957,dante,exum,[UTA] Exum Substitution replaced by Mack
09:03,67-83,PHI,203954,joel,embiid,[PHI] Embiid Substitution replaced by Okafor
09:03,67-84,UTA,1626168,trey,lyles,[UTA 84-67] Lyles Free Throw 2 of 2 (7 PTS)
08:52,67-84,PHI,200771,sergio,rodriguez,[PHI] Rodriguez Turnover : Bad Pass (3 TO) Steal:Lyles (1 ST)
08:36,67-86,UTA,2207,joe,johnson,[UTA 86-67] Johnson Jump Shot: Made (2 PTS)
08:35,67-86,PHI,,,,[PHI] Team Timeout : Regular
08:17,67-86,PHI,203967,dario,saric,[PHI] Saric Jump Shot: Missed
08:16,67-86,UTA,202324,derrick,favors,[UTA] Favors Rebound (Off:3 Def:11)
07:59,67-89,UTA,203918,rodney,hood,[UTA 89-67] Hood 3pt Shot: Made (18 PTS) Assist: Lyles (3 AST)
07:41,69-89,PHI,201945,gerald,henderson,[PHI 69-89] Henderson Pullup Jump shot: Made (5 PTS) Assist: Okafor (1 AST)
07:22,69-91,UTA,2207,joe,johnson,[UTA 91-69] Johnson Turnaround Jump Shot: Made (4 PTS)
07:05,71-91,PHI,201945,gerald,henderson,[PHI 71-91] Henderson Reverse Layup Shot: Made (7 PTS) Assist: Covington (1 AST)
06:42,71-91,UTA,2207,joe,johnson,[UTA] Johnson Jump Shot: Missed
06:40,71-91,PHI,203496,robert,covington,[PHI] Covington Rebound (Off:0 Def:8)
06:19,73-91,PHI,1626143,jahlil,okafor,[PHI 73-91] Okafor Driving Layup Shot: Made (11 PTS)
06:14,73-91,UTA,,,,[UTA] Team Timeout : Regular
06:14,73-91,PHI,203967,dario,saric,[PHI] Saric Substitution replaced by Ilyasova
06:14,73-91,PHI,200771,sergio,rodriguez,[PHI] Rodriguez Substitution replaced by McConnell
06:14,73-91,PHI,201945,gerald,henderson,[PHI] Henderson Substitution replaced by Stauskas
06:14,73-91,UTA,202324,derrick,favors,[UTA] Favors Substitution replaced by Hayward
06:14,73-91,UTA,203918,rodney,hood,[UTA] Hood Substitution replaced by Gobert
06:06,73-93,UTA,202330,gordon,hayward,[UTA 93-73] Hayward Driving Dunk Shot: Made (16 PTS)
05:51,75-93,PHI,1626143,jahlil,okafor,[PHI 75-93] Okafor Driving Dunk Shot: Made (13 PTS)
05:31,75-95,UTA,2207,joe,johnson,[UTA 95-75] Johnson Driving Floating Jump Shot: Made (6 PTS)
05:20,75-95,PHI,203917,nik,stauskas,[PHI] Stauskas Turnover : Lost Ball (2 TO) Steal:Hayward (1 ST)
05:17,75-97,UTA,202330,gordon,hayward,[UTA 97-75] Hayward Running Layup Shot: Made (18 PTS)
05:15,75-97,PHI,,,,[PHI] Team Timeout : Short
05:15,75-97,PHI,203496,robert,covington,[PHI] Covington Substitution replaced by Thompson
05:15,75-97,UTA,1626168,trey,lyles,[UTA] Lyles Substitution replaced by Ingles
05:00,77-97,PHI,1626143,jahlil,okafor,[PHI 77-97] Okafor Driving Dunk Shot: Made (15 PTS)
04:43,77-97,UTA,2207,joe,johnson,[UTA] Johnson 3pt Shot: Missed
04:41,77-97,PHI,204456,t.j.,mcconnell,[PHI] McConnell Rebound (Off:0 Def:2)
04:36,77-97,UTA,204060,joe,ingles,[UTA] Ingles Foul: Shooting (1 PF) (2 FTA) (B Kennedy)
04:36,78-97,PHI,203917,nik,stauskas,[PHI 78-97] Stauskas Free Throw 1 of 2 (8 PTS)
04:36,78-97,UTA,202714,shelvin,mack,[UTA] Mack Substitution replaced by Exum
04:36,79-97,PHI,203917,nik,stauskas,[PHI 79-97] Stauskas Free Throw 2 of 2 (9 PTS)
04:17,79-100,UTA,2207,joe,johnson,[UTA 100-79] Johnson 3pt Shot: Made (9 PTS) Assist: Hayward (4 AST)
03:59,79-100,PHI,1626143,jahlil,okafor,[PHI] Okafor Jump Shot: Missed
03:58,79-100,UTA,2207,joe,johnson,[UTA] Johnson Rebound (Off:2 Def:2)
03:46,79-100,UTA,204060,joe,ingles,[UTA] Ingles Turnover : Bad Pass (1 TO) Steal:McConnell (1 ST)
03:40,79-100,PHI,203917,nik,stauskas,[PHI] Stauskas Jump Shot: Missed Block: Gobert (3 BLK)
03:39,79-100,PHI,,,,[PHI] Team Rebound
03:37,79-100,PHI,203138,hollis,thompson,[PHI] Thompson 3pt Shot: Missed
03:35,79-100,UTA,2207,joe,johnson,[UTA] Johnson Rebound (Off:2 Def:3)
03:32,79-100,PHI,1626143,jahlil,okafor,[PHI] Okafor Foul: Shooting (4 PF) (2 FTA) (M Smith)
03:32,79-101,UTA,202330,gordon,hayward,[UTA 101-79] Hayward Free Throw 1 of 2 (19 PTS)
03:32,79-101,PHI,203917,nik,stauskas,[PHI] Stauskas Substitution replaced by Luwawu-Cabarrot
03:32,79-102,UTA,202330,gordon,hayward,[UTA 102-79] Hayward Free Throw 2 of 2 (20 PTS)
03:23,79-102,PHI,203138,hollis,thompson,[PHI] Thompson 3pt Shot: Missed
03:21,79-102,UTA,202330,gordon,hayward,[UTA] Hayward Rebound (Off:1 Def:6)
03:04,79-102,UTA,204060,joe,ingles,[UTA] Ingles Jump Shot: Missed
03:02,79-102,UTA,,,,[UTA] Team Rebound
03:02,79-102,PHI,1626143,jahlil,okafor,[PHI] Okafor Substitution replaced by Holmes
02:43,79-105,UTA,203957,dante,exum,[UTA 105-79] Exum 3pt Shot: Made (8 PTS) Assist: Hayward (5 AST)
02:18,79-105,UTA,203497,rudy,gobert,[UTA] Gobert Foul: Shooting (6 PF) (2 FTA) (B Kennedy)
Official Timeout
02:18,79-105,PHI,1627789,timothe,luwawu-cabarrot,[PHI] Luwawu-Cabarrot Free Throw 1 of 2 Missed
02:18,79-105,PHI,,,,[PHI] Team Rebound
02:18,79-105,UTA,202330,gordon,hayward,[UTA] Hayward Substitution replaced by Withey
02:18,79-105,UTA,203497,rudy,gobert,[UTA] Gobert Substitution replaced by Neto
02:18,79-105,UTA,2207,joe,johnson,[UTA] Johnson Substitution replaced by Bolomboy
02:18,79-105,PHI,203138,hollis,thompson,[PHI] Thompson Substitution replaced by Stauskas
02:18,79-105,PHI,1627789,timothe,luwawu-cabarrot,[PHI] Luwawu-Cabarrot Free Throw 2 of 2 Missed
02:16,79-105,UTA,1627762,joel,bolomboy,[UTA] Bolomboy Rebound (Off:0 Def:1)
02:03,79-105,PHI,1627789,timothe,luwawu-cabarrot,[PHI] Luwawu-Cabarrot Foul: Shooting (1 PF) (2 FTA) (B Kennedy)
02:03,79-106,UTA,204060,joe,ingles,[UTA 106-79] Ingles Free Throw 1 of 2 (8 PTS)
02:03,79-106,UTA,204060,joe,ingles,[UTA] Ingles Free Throw 2 of 2 Missed
02:02,79-106,PHI,,,,[PHI] Team Rebound
01:44,81-106,PHI,1627789,timothe,luwawu-cabarrot,[PHI 81-106] Luwawu-Cabarrot Driving Dunk Shot: Made (2 PTS) Assist: Stauskas (1 AST)
01:24,81-106,UTA,204060,joe,ingles,[UTA] Ingles Jump Shot: Missed
01:23,81-106,PHI,1627789,timothe,luwawu-cabarrot,[PHI] Luwawu-Cabarrot Rebound (Off:0 Def:1)
01:11,81-106,PHI,101141,ersan,ilyasova,[PHI] Ilyasova Fadeaway Jump Shot: Missed Block: Bolomboy (1 BLK)
01:08,81-106,UTA,1627762,joel,bolomboy,[UTA] Bolomboy Rebound (Off:0 Def:2)
00:45.9,81-106,UTA,203526,raul,neto,[UTA] Neto Jump Shot: Missed
00:44.7,81-106,PHI,203917,nik,stauskas,[PHI] Stauskas Rebound (Off:1 Def:2)
00:35.9,81-106,PHI,1626158,richaun,holmes,[PHI] Holmes Jump Shot: Missed
00:34.5,81-106,UTA,1627762,joel,bolomboy,[UTA] Bolomboy Rebound (Off:0 Def:3)
00:26.9,81-109,UTA,203957,dante,exum,[UTA 109-81] Exum 3pt Shot: Made (11 PTS) Assist: Neto (1 AST)
00:13.4,84-109,PHI,1626158,richaun,holmes,[PHI 84-109] Holmes 3pt Shot: Made (3 PTS) Assist: McConnell (4 AST)
End of 4th Quarter
***End of scrape***