2546,Carmelo,Anthony,204001,Kristaps,Porzingis,201149,Joakim,Noah,201584,Courtney,Lee,201565,Derrick,Rose,203200,Justin,Holiday,1626195,Willy,Hernangomez,203124,Kyle,O'Quinn,201943,Brandon,Jennings,1627851,Mindaugas,Kuzminskas,1626254,Maurice,Ndour
202699,Tobias,Harris,202694,Marcus,Morris,203083,Andre,Drummond,203484,Kentavious,Caldwell-Pope,202397,Ish,Smith,202720,Jon,Leuer,2757,Beno,Udrih,203382,Aron,Baynes,1626169,Stanley,Johnson
Start of 1st Quarter
12:00,0-0,NYK,201149,joakim,noah,Jump Ball Noah vs Drummond (Harris gains possession)
11:47,0-0,DET,203083,andre,drummond,[DET] Drummond Turnover : Lost Ball (1 TO) Steal:Lee (1 ST)
11:42,0-0,NYK,201584,courtney,lee,[NYK] Lee Layup Shot: Missed
11:40,0-0,DET,203083,andre,drummond,[DET] Drummond Rebound (Off:0 Def:1)
11:27,0-0,DET,202694,marcus,morris,[DET] Morris 3pt Shot: Missed
11:26,0-0,NYK,201149,joakim,noah,[NYK] Noah Rebound (Off:0 Def:1)
11:17,0-0,DET,202694,marcus,morris,[DET] Morris Foul: Shooting (1 PF) (2 FTA) (C Kirkland)
11:17,1-0,NYK,201149,joakim,noah,[NYK 1-0] Noah Free Throw 1 of 2 (1 PTS)
11:17,1-0,NYK,201149,joakim,noah,[NYK] Noah Free Throw 2 of 2 Missed
11:16,1-0,DET,203083,andre,drummond,[DET] Drummond Rebound (Off:0 Def:2)
10:57,1-0,DET,202699,tobias,harris,[DET] Harris 3pt Shot: Missed
10:57,1-0,NYK,2546,carmelo,anthony,[NYK] Anthony Rebound (Off:0 Def:1)
10:43,1-0,NYK,201584,courtney,lee,[NYK] Lee Pullup Jump shot: Missed
10:42,1-0,DET,203083,andre,drummond,[DET] Drummond Rebound (Off:0 Def:3)
10:33,1-0,DET,203083,andre,drummond,[DET] Drummond Hook Shot: Missed
10:31,1-0,NYK,201149,joakim,noah,[NYK] Noah Rebound (Off:0 Def:2)
10:24,1-0,NYK,2546,carmelo,anthony,[NYK] Anthony Jump Shot: Missed
10:23,1-0,DET,203083,andre,drummond,[DET] Drummond Rebound (Off:0 Def:4)
10:15,1-0,DET,202397,ish,smith,[DET] Smith Jump Bank Shot: Missed
10:13,1-0,DET,,,,[DET] Team Rebound
10:03,1-2,DET,202699,tobias,harris,[DET 2-1] Harris Jump Shot: Made (2 PTS) Assist: Smith (1 AST)
09:51,1-2,NYK,204001,kristaps,porzingis,[NYK] Porzingis 3pt Shot: Missed
09:51,1-2,DET,203083,andre,drummond,[DET] Drummond Rebound (Off:0 Def:5)
09:43,1-4,DET,202694,marcus,morris,[DET 4-1] Morris Pullup Jump shot: Made (2 PTS) Assist: Smith (2 AST)
09:28,3-4,NYK,204001,kristaps,porzingis,[NYK 3-4] Porzingis Layup Shot: Made (2 PTS) Assist: Anthony (1 AST)
09:09,3-6,DET,203484,kentavious,caldwell-pope,[DET 6-3] Caldwell-Pope Jump Shot: Made (2 PTS)
08:50,3-6,NYK,201565,derrick,rose,[NYK] Rose Jump Bank Shot: Missed
08:48,3-6,DET,202699,tobias,harris,[DET] Harris Rebound (Off:0 Def:1)
08:43,3-8,DET,203083,andre,drummond,[DET 8-3] Drummond Layup Shot: Made (2 PTS) Assist: Smith (3 AST)
08:31,5-8,NYK,204001,kristaps,porzingis,[NYK 5-8] Porzingis Turnaround Jump Shot: Made (4 PTS)
08:19,5-8,DET,202699,tobias,harris,[DET] Harris Pullup Jump shot: Missed
08:18,5-8,NYK,201584,courtney,lee,[NYK] Lee Rebound (Off:0 Def:1)
08:07,5-8,NYK,201565,derrick,rose,[NYK] Rose 3pt Shot: Missed
08:07,5-8,DET,203083,andre,drummond,[DET] Drummond Rebound (Off:0 Def:6)
08:00,5-8,NYK,201565,derrick,rose,[NYK] Rose Foul: Shooting (1 PF) (2 FTA) (B Forte)
08:00,5-9,DET,202397,ish,smith,[DET 9-5] Smith Free Throw 1 of 2 (1 PTS)
08:00,5-9,DET,202397,ish,smith,[DET] Smith Free Throw 2 of 2 Missed
07:59,5-9,NYK,201149,joakim,noah,[NYK] Noah Rebound (Off:0 Def:3)
07:48,7-9,NYK,201584,courtney,lee,[NYK 7-9] Lee Pullup Jump shot: Made (2 PTS) Assist: Noah (1 AST)
07:30,7-9,DET,203484,kentavious,caldwell-pope,[DET] Caldwell-Pope 3pt Shot: Missed
07:29,7-9,NYK,201565,derrick,rose,[NYK] Rose Rebound (Off:0 Def:1)
07:19,9-9,NYK,201565,derrick,rose,[NYK 9-9] Rose Driving Layup Shot: Made (2 PTS)
07:04,9-11,DET,203484,kentavious,caldwell-pope,[DET 11-9] Caldwell-Pope Jump Shot: Made (4 PTS)
06:42,9-11,NYK,2546,carmelo,anthony,[NYK] Anthony Jump Shot: Missed
06:42,9-11,NYK,201149,joakim,noah,[NYK] Noah Rebound (Off:1 Def:3)
06:40,9-11,NYK,201149,joakim,noah,[NYK] Noah Tip Layup Shot: Missed
06:38,9-11,DET,202397,ish,smith,[DET] Smith Rebound (Off:0 Def:1)
06:34,9-11,DET,202397,ish,smith,[DET] Smith Turnover : Bad Pass (1 TO) Steal:Porzingis (1 ST)
06:29,11-11,NYK,204001,kristaps,porzingis,[NYK 11-11] Porzingis Layup Shot: Made (6 PTS)
05:59,11-11,DET,202694,marcus,morris,[DET] Morris Jump Shot: Missed
05:59,11-11,NYK,201584,courtney,lee,[NYK] Lee Rebound (Off:0 Def:2)
05:48,13-11,NYK,2546,carmelo,anthony,[NYK 13-11] Anthony Jump Shot: Made (2 PTS) Assist: Rose (1 AST)
05:32,13-14,DET,202699,tobias,harris,[DET 14-13] Harris 3pt Shot: Made (5 PTS) Assist: Caldwell-Pope (1 AST)
05:13,13-14,NYK,201584,courtney,lee,[NYK] Lee Layup Shot: Missed
05:13,13-14,DET,203083,andre,drummond,[DET] Drummond Rebound (Off:0 Def:7)
04:58,13-14,DET,203083,andre,drummond,[DET] Drummond Layup Shot: Missed
04:57,13-14,NYK,204001,kristaps,porzingis,[NYK] Porzingis Rebound (Off:0 Def:1)
04:48,16-14,NYK,204001,kristaps,porzingis,[NYK 16-14] Porzingis 3pt Shot: Made (9 PTS) Assist: Noah (2 AST)
04:40,16-14,DET,,,,[DET] Team Timeout : Regular
04:40,16-14,DET,202699,tobias,harris,[DET] Harris Substitution replaced by Leuer
04:31,16-14,DET,,,,[DET] Team Timeout : Short
04:22,16-16,DET,203083,andre,drummond,[DET 16-16] Drummond Hook Shot: Made (4 PTS) Assist: Leuer (1 AST)
03:59,18-16,NYK,2546,carmelo,anthony,[NYK 18-16] Anthony Dunk Shot: Made (4 PTS) Assist: Lee (1 AST)
03:39,18-18,DET,203484,kentavious,caldwell-pope,[DET 18-18] Caldwell-Pope Jump Shot: Made (6 PTS) Assist: Drummond (1 AST)
03:23,20-18,NYK,201149,joakim,noah,[NYK 20-18] Noah Driving Reverse Layup Shot: Made (3 PTS) Assist: Lee (2 AST)
03:03,20-20,DET,203083,andre,drummond,[DET 20-20] Drummond Hook Shot: Made (6 PTS)
02:46,22-20,NYK,201565,derrick,rose,[NYK 22-20] Rose Jump Shot: Made (4 PTS)
02:33,22-20,DET,203484,kentavious,caldwell-pope,[DET] Caldwell-Pope 3pt Shot: Missed
02:32,22-20,NYK,201149,joakim,noah,[NYK] Noah Rebound (Off:1 Def:4)
02:23,25-20,NYK,2546,carmelo,anthony,[NYK 25-20] Anthony 3pt Shot: Made (7 PTS) Assist: Porzingis (1 AST)
02:01,25-22,DET,202397,ish,smith,[DET 22-25] Smith Fadeaway Jump Shot: Made (3 PTS)
01:55,25-22,NYK,,,,[NYK] Team Timeout : Regular
01:55,25-22,NYK,204001,kristaps,porzingis,[NYK] Porzingis Substitution replaced by Holiday
01:55,25-22,NYK,201584,courtney,lee,[NYK] Lee Substitution replaced by Hernangomez
01:55,25-22,DET,203083,andre,drummond,[DET] Drummond Substitution replaced by Udrih
01:55,25-22,DET,202397,ish,smith,[DET] Smith Substitution replaced by Baynes
01:46,25-22,NYK,2546,carmelo,anthony,[NYK] Anthony Jump Shot: Missed
01:46,25-22,DET,202720,jon,leuer,[DET] Leuer Rebound (Off:0 Def:1)
01:36,25-25,DET,202720,jon,leuer,[DET 25-25] Leuer 3pt Shot: Made (3 PTS) Assist: Udrih (1 AST)
01:19,25-25,NYK,201149,joakim,noah,[NYK] Noah Turnover : Bad Pass (1 TO) Steal:Morris (1 ST)
01:12,25-25,DET,203484,kentavious,caldwell-pope,[DET] Caldwell-Pope Jump Shot: Missed
01:10,25-25,NYK,201149,joakim,noah,[NYK] Noah Rebound (Off:1 Def:5)
01:06,25-25,NYK,201565,derrick,rose,[NYK] Rose Jump Shot: Missed
01:05,25-25,NYK,201149,joakim,noah,[NYK] Noah Rebound (Off:2 Def:5)
01:05,25-25,NYK,201149,joakim,noah,[NYK] Noah Tip Layup Shot: Missed
01:03,25-25,NYK,201149,joakim,noah,[NYK] Noah Rebound (Off:3 Def:5)
01:03,25-25,NYK,201149,joakim,noah,[NYK] Noah Tip Layup Shot: Missed
01:01,25-25,NYK,201149,joakim,noah,[NYK] Noah Rebound (Off:4 Def:5)
01:01,27-25,NYK,201149,joakim,noah,[NYK 27-25] Noah Layup Shot: Made (5 PTS)
00:39.9,27-25,DET,202694,marcus,morris,[DET] Morris 3pt Shot: Missed
00:39.2,27-25,NYK,1626195,willy,hernangomez,[NYK] Hernangomez Rebound (Off:0 Def:1)
00:22.5,29-25,NYK,1626195,willy,hernangomez,[NYK 29-25] Hernangomez Layup Shot: Made (2 PTS) Assist: Anthony (2 AST)
00:04.5,29-25,DET,2757,beno,udrih,[DET] Udrih Jump Shot: Missed Block: Noah (1 BLK)
00:03.8,29-25,DET,,,,[DET] Team Rebound
00:03.8,29-25,NYK,201149,joakim,noah,[NYK] Noah Substitution replaced by O'Quinn
00:01.0,29-27,DET,203484,kentavious,caldwell-pope,[DET 27-29] Caldwell-Pope Jump Shot: Made (8 PTS) Assist: Morris (1 AST)
00:00.0,29-27,NYK,201565,derrick,rose,[NYK] Rose 3pt Shot: Missed
00:00.0,29-27,NYK,,,,[NYK] Team Rebound
End of 1st Quarter
Start of 2nd Quarter
11:38,29-27,NYK,1626195,willy,hernangomez,[NYK] Hernangomez Hook Shot: Missed
11:36,29-27,DET,1626169,stanley,johnson,[DET] Johnson Rebound (Off:0 Def:1)
11:27,29-29,DET,2757,beno,udrih,[DET 29-29] Udrih Pullup Jump shot: Made (2 PTS)
11:08,29-29,NYK,1627851,mindaugas,kuzminskas,[NYK] Kuzminskas 3pt Shot: Missed
11:08,29-29,NYK,203124,kyle,o'quinn,[NYK] O'Quinn Rebound (Off:1 Def:0)
11:05,29-29,NYK,203124,kyle,o'quinn,[NYK] O'Quinn Turnover : Lost Ball (1 TO) Steal:Harris (1 ST)
10:49,29-31,DET,1626169,stanley,johnson,[DET 31-29] Johnson Jump Shot: Made (2 PTS)
10:29,29-31,NYK,203124,kyle,o'quinn,[NYK] O'Quinn Jump Shot: Missed
10:28,29-31,NYK,1627851,mindaugas,kuzminskas,[NYK] Kuzminskas Rebound (Off:1 Def:0)
10:14,29-31,NYK,201943,brandon,jennings,[NYK] Jennings 3pt Shot: Missed
10:14,29-31,DET,202720,jon,leuer,[DET] Leuer Rebound (Off:0 Def:2)
10:03,29-31,DET,202699,tobias,harris,[DET] Harris 3pt Shot: Missed
10:02,29-31,DET,202720,jon,leuer,[DET] Leuer Rebound (Off:1 Def:2)
10:00,29-33,DET,202720,jon,leuer,[DET 33-29] Leuer Jump Shot: Made (5 PTS)
09:59,29-33,NYK,,,,[NYK] Team Timeout : Regular
09:59,29-33,NYK,1626195,willy,hernangomez,[NYK] Hernangomez Substitution replaced by Porzingis
09:43,31-33,NYK,204001,kristaps,porzingis,[NYK 31-33] Porzingis Turnaround Hook Shot: Made (11 PTS)
09:19,31-33,DET,202720,jon,leuer,[DET] Leuer Turnover : Bad Pass (1 TO) Steal:O'Quinn (1 ST)
09:16,31-33,NYK,201943,brandon,jennings,[NYK] Jennings Turnover : Lost Ball (1 TO) Steal:Johnson (1 ST)
09:13,31-33,NYK,201943,brandon,jennings,[NYK] Jennings Violation:Kicked Ball (B Forte)
09:03,31-33,DET,2757,beno,udrih,[DET] Udrih Layup Shot: Missed Block: O'Quinn (1 BLK)
09:02,31-33,NYK,201943,brandon,jennings,[NYK] Jennings Rebound (Off:0 Def:1)
08:49,31-33,DET,1626169,stanley,johnson,[DET] Johnson Foul: Personal (1 PF) (C Kirkland)
08:38,33-33,NYK,204001,kristaps,porzingis,[NYK 33-33] Porzingis Turnaround Fadeaway shot: Made (13 PTS)
08:16,33-33,DET,1626169,stanley,johnson,[DET] Johnson Jump Shot: Missed Block: O'Quinn (2 BLK)
08:15,33-33,NYK,1627851,mindaugas,kuzminskas,[NYK] Kuzminskas Rebound (Off:1 Def:1)
08:13,35-33,NYK,204001,kristaps,porzingis,[NYK 35-33] Porzingis Alley Oop Dunk Shot: Made (15 PTS) Assist: Jennings (1 AST)
08:13,35-33,DET,202720,jon,leuer,[DET] Leuer Foul: Shooting (1 PF) (1 FTA) (M Ervin)
08:13,36-33,NYK,204001,kristaps,porzingis,[NYK 36-33] Porzingis Free Throw 1 of 1 (16 PTS)
07:48,36-35,DET,2757,beno,udrih,[DET 35-36] Udrih Jump Shot: Made (4 PTS)
07:40,39-35,NYK,204001,kristaps,porzingis,[NYK 39-35] Porzingis 3pt Shot: Made (19 PTS) Assist: Jennings (2 AST)
07:28,39-35,DET,,,,[DET] Team Timeout : Regular
07:28,39-35,DET,203382,aron,baynes,[DET] Baynes Substitution replaced by Drummond
07:13,39-35,DET,202720,jon,leuer,[DET] Leuer 3pt Shot: Missed
07:13,39-35,NYK,203200,justin,holiday,[NYK] Holiday Rebound (Off:0 Def:1)
06:56,39-35,NYK,203200,justin,holiday,[NYK] Holiday Layup Shot: Missed Block: Drummond (1 BLK)
06:54,39-35,NYK,203200,justin,holiday,[NYK] Holiday Rebound (Off:1 Def:1)
06:49,42-35,NYK,203200,justin,holiday,[NYK 42-35] Holiday 3pt Shot: Made (3 PTS) Assist: Jennings (3 AST)
06:34,42-37,DET,2757,beno,udrih,[DET 37-42] Udrih Jump Shot: Made (6 PTS) Assist: Leuer (2 AST)
06:28,44-37,NYK,203124,kyle,o'quinn,[NYK 44-37] O'Quinn Layup Shot: Made (2 PTS) Assist: Jennings (4 AST)
06:10,44-37,DET,203083,andre,drummond,[DET] Drummond Foul: Offensive (1 PF) (B Forte)
06:10,44-37,DET,203083,andre,drummond,[DET] Drummond Turnover : Foul (2 TO)
06:10,44-37,DET,2757,beno,udrih,[DET] Udrih Substitution replaced by Smith
05:56,44-37,DET,202720,jon,leuer,[DET] Leuer Substitution replaced by Caldwell-Pope
05:56,44-37,DET,1626169,stanley,johnson,[DET] Johnson Substitution replaced by Morris
05:47,44-37,NYK,201943,brandon,jennings,[NYK] Jennings Jump Shot: Missed
05:47,44-37,DET,202699,tobias,harris,[DET] Harris Rebound (Off:0 Def:2)
05:38,44-37,NYK,203124,kyle,o'quinn,[NYK] O'Quinn Foul: Shooting (1 PF) (2 FTA) (M Ervin)
05:38,44-38,DET,202699,tobias,harris,[DET 38-44] Harris Free Throw 1 of 2 (6 PTS)
05:38,44-38,NYK,203124,kyle,o'quinn,[NYK] O'Quinn Substitution replaced by Anthony
05:38,44-39,DET,202699,tobias,harris,[DET 39-44] Harris Free Throw 2 of 2 (7 PTS)
05:17,44-39,NYK,204001,kristaps,porzingis,[NYK] Porzingis Hook Shot: Missed
05:16,44-39,DET,202699,tobias,harris,[DET] Harris Rebound (Off:0 Def:3)
05:14,44-39,NYK,201943,brandon,jennings,[NYK] Jennings Foul: Personal (1 PF) (M Ervin)
05:14,44-39,NYK,1627851,mindaugas,kuzminskas,[NYK] Kuzminskas Substitution replaced by Noah
04:55,44-39,DET,203484,kentavious,caldwell-pope,[DET] Caldwell-Pope Jump Shot: Missed
04:53,44-39,NYK,201943,brandon,jennings,[NYK] Jennings Rebound (Off:0 Def:2)
04:37,44-39,NYK,201943,brandon,jennings,[NYK] Jennings Layup Shot: Missed
04:36,44-39,NYK,201149,joakim,noah,[NYK] Noah Rebound (Off:5 Def:5)
04:36,46-39,NYK,201149,joakim,noah,[NYK 46-39] Noah Tip Layup Shot: Made (7 PTS)
04:11,46-39,DET,202699,tobias,harris,[DET] Harris Jump Shot: Missed
04:09,46-39,DET,202699,tobias,harris,[DET] Harris Rebound (Off:1 Def:3)
04:08,46-41,DET,202699,tobias,harris,[DET 41-46] Harris Jump Shot: Made (9 PTS)
03:50,48-41,NYK,2546,carmelo,anthony,[NYK 48-41] Anthony Driving Layup Shot: Made (9 PTS)
03:31,48-43,DET,203083,andre,drummond,[DET 43-48] Drummond Jump Shot: Made (8 PTS) Assist: Smith (4 AST)
03:17,48-43,NYK,2546,carmelo,anthony,[NYK] Anthony Jump Shot: Missed
03:15,48-43,DET,203484,kentavious,caldwell-pope,[DET] Caldwell-Pope Rebound (Off:0 Def:1)
03:11,48-43,DET,202397,ish,smith,[DET] Smith Turnover : Lost Ball (2 TO) Steal:Noah (1 ST)
03:05,48-43,DET,203484,kentavious,caldwell-pope,[DET] Caldwell-Pope Foul: Shooting (1 PF) (2 FTA) (B Forte)
03:05,48-43,NYK,201149,joakim,noah,[NYK] Noah Free Throw 1 of 2 Missed
03:05,48-43,NYK,,,,[NYK] Team Rebound
03:05,48-43,NYK,201943,brandon,jennings,[NYK] Jennings Substitution replaced by Rose
03:05,48-43,NYK,203200,justin,holiday,[NYK] Holiday Substitution replaced by Lee
03:05,48-43,NYK,201149,joakim,noah,[NYK] Noah Free Throw 2 of 2 Missed
03:04,48-43,DET,202694,marcus,morris,[DET] Morris Rebound (Off:0 Def:1)
02:48,48-43,DET,202694,marcus,morris,[DET] Morris Jump Shot: Missed
02:48,48-43,NYK,201565,derrick,rose,[NYK] Rose Rebound (Off:0 Def:2)
02:38,48-43,NYK,201584,courtney,lee,[NYK] Lee Layup Shot: Missed
02:37,48-43,DET,202699,tobias,harris,[DET] Harris Rebound (Off:1 Def:4)
02:29,48-45,DET,203083,andre,drummond,[DET 45-48] Drummond Alley Oop Dunk Shot: Made (10 PTS) Assist: Harris (1 AST)
02:10,48-45,NYK,201149,joakim,noah,[NYK] Noah Jump Shot: Missed
02:09,48-45,DET,203083,andre,drummond,[DET] Drummond Rebound (Off:0 Def:8)
02:01,48-47,DET,202397,ish,smith,[DET 47-48] Smith Floating Jump shot: Made (5 PTS)
01:43,48-47,DET,202699,tobias,harris,[DET] Harris Foul: Shooting (1 PF) (2 FTA) (B Forte)
01:43,49-47,NYK,204001,kristaps,porzingis,[NYK 49-47] Porzingis Free Throw 1 of 2 (20 PTS)
01:43,50-47,NYK,204001,kristaps,porzingis,[NYK 50-47] Porzingis Free Throw 2 of 2 (21 PTS)
01:37,50-47,NYK,201149,joakim,noah,[NYK] Noah Foul: Personal (1 PF) (M Ervin)
01:26,50-47,DET,202699,tobias,harris,[DET] Harris 3pt Shot: Missed
01:26,50-47,NYK,2546,carmelo,anthony,[NYK] Anthony Rebound (Off:0 Def:2)
01:12,52-47,NYK,204001,kristaps,porzingis,[NYK 52-47] Porzingis Jump Shot: Made (23 PTS) Assist: Noah (3 AST)
00:49.0,52-49,DET,203083,andre,drummond,[DET 49-52] Drummond Hook Shot: Made (12 PTS) Assist: Caldwell-Pope (2 AST)
00:31.2,52-49,DET,202699,tobias,harris,[DET] Harris Foul: Shooting (2 PF) (2 FTA) (C Kirkland)
00:31.2,53-49,NYK,204001,kristaps,porzingis,[NYK 53-49] Porzingis Free Throw 1 of 2 (24 PTS)
00:31.2,53-49,DET,202699,tobias,harris,[DET] Harris Substitution replaced by Leuer
00:31.2,54-49,NYK,204001,kristaps,porzingis,[NYK 54-49] Porzingis Free Throw 2 of 2 (25 PTS)
00:14.6,54-49,DET,202694,marcus,morris,[DET] Morris Turnover : Bad Pass (1 TO) Steal:Lee (2 ST)
00:05.2,54-49,DET,203083,andre,drummond,[DET] Drummond Foul: Personal (2 PF) (2 FTA) (M Ervin)
00:05.2,54-49,NYK,201149,joakim,noah,[NYK] Noah Free Throw 1 of 2 Missed
00:05.2,54-49,NYK,,,,[NYK] Team Rebound
00:05.2,54-49,DET,203083,andre,drummond,[DET] Drummond Substitution replaced by Baynes
00:05.2,54-49,NYK,201149,joakim,noah,[NYK] Noah Free Throw 2 of 2 Missed
00:03.9,54-49,NYK,204001,kristaps,porzingis,[NYK] Porzingis Rebound (Off:1 Def:1)
00:01.9,54-49,NYK,204001,kristaps,porzingis,[NYK] Porzingis Jump Bank Shot: Missed
00:00.0,54-49,DET,202720,jon,leuer,[DET] Leuer Rebound (Off:1 Def:3)
End of 2nd Quarter
Start of 3rd Quarter
11:37,57-49,NYK,201584,courtney,lee,[NYK 57-49] Lee 3pt Shot: Made (5 PTS) Assist: Anthony (3 AST)
11:15,57-49,DET,202699,tobias,harris,[DET] Harris Pullup Jump shot: Missed
11:14,57-49,NYK,201149,joakim,noah,[NYK] Noah Rebound (Off:5 Def:6)
10:57,60-49,NYK,2546,carmelo,anthony,[NYK 60-49] Anthony 3pt Shot: Made (12 PTS) Assist: Lee (3 AST)
10:41,60-49,DET,203484,kentavious,caldwell-pope,[DET] Caldwell-Pope Jump Shot: Missed
10:40,60-49,NYK,201149,joakim,noah,[NYK] Noah Rebound (Off:5 Def:7)
10:28,60-49,NYK,201584,courtney,lee,[NYK] Lee Jump Shot: Missed
10:27,60-49,DET,202694,marcus,morris,[DET] Morris Rebound (Off:0 Def:2)
10:21,60-51,DET,202397,ish,smith,[DET 51-60] Smith Driving Layup Shot: Made (7 PTS)
10:12,62-51,NYK,201565,derrick,rose,[NYK 62-51] Rose Jump Shot: Made (6 PTS)
09:47,62-53,DET,202397,ish,smith,[DET 53-62] Smith Hook Shot: Made (9 PTS)
09:30,64-53,NYK,201565,derrick,rose,[NYK 64-53] Rose Floating Jump shot: Made (8 PTS)
09:17,64-53,DET,202694,marcus,morris,[DET] Morris Jump Shot: Missed
09:16,64-53,NYK,201565,derrick,rose,[NYK] Rose Rebound (Off:0 Def:3)
09:10,64-53,NYK,201584,courtney,lee,[NYK] Lee 3pt Shot: Missed
09:09,64-53,NYK,201149,joakim,noah,[NYK] Noah Rebound (Off:6 Def:7)
08:55,64-53,NYK,204001,kristaps,porzingis,[NYK] Porzingis 3pt Shot: Missed
08:55,64-53,DET,202699,tobias,harris,[DET] Harris Rebound (Off:1 Def:5)
08:51,64-53,NYK,204001,kristaps,porzingis,[NYK] Porzingis Foul: Personal (1 PF) (B Forte)
08:45,64-53,DET,203083,andre,drummond,[DET] Drummond Jump Shot: Missed
08:43,64-53,DET,203083,andre,drummond,[DET] Drummond Rebound (Off:1 Def:8)
08:43,64-55,DET,203083,andre,drummond,[DET 55-64] Drummond Tip Layup Shot: Made (14 PTS)
08:24,64-55,NYK,201584,courtney,lee,[NYK] Lee Jump Shot: Missed
08:24,64-55,NYK,201149,joakim,noah,[NYK] Noah Rebound (Off:7 Def:7)
08:20,64-55,NYK,2546,carmelo,anthony,[NYK] Anthony 3pt Shot: Missed
08:19,64-55,NYK,201584,courtney,lee,[NYK] Lee Rebound (Off:1 Def:2)
08:16,64-55,NYK,201584,courtney,lee,[NYK] Lee Jump Shot: Missed
08:15,64-55,DET,202694,marcus,morris,[DET] Morris Rebound (Off:0 Def:3)
08:11,64-55,DET,203484,kentavious,caldwell-pope,[DET] Caldwell-Pope Layup Shot: Missed Block: Noah (2 BLK)
08:07,64-55,DET,202699,tobias,harris,[DET] Harris Rebound (Off:2 Def:5)
08:06,64-57,DET,202699,tobias,harris,[DET 57-64] Harris Layup Shot: Made (11 PTS)
07:42,64-57,NYK,2546,carmelo,anthony,[NYK] Anthony Jump Shot: Missed
07:41,64-57,DET,202699,tobias,harris,[DET] Harris Rebound (Off:2 Def:6)
07:33,64-59,DET,202699,tobias,harris,[DET 59-64] Harris Driving Layup Shot: Made (13 PTS)
07:33,64-59,NYK,,,,[NYK] Team Timeout : Regular
07:20,66-59,NYK,2546,carmelo,anthony,[NYK 66-59] Anthony Jump Shot: Made (14 PTS) Assist: Rose (2 AST)
07:01,66-59,DET,203083,andre,drummond,[DET] Drummond Jump Shot: Missed
07:01,66-59,NYK,2546,carmelo,anthony,[NYK] Anthony Rebound (Off:0 Def:3)
06:50,66-59,NYK,201565,derrick,rose,[NYK] Rose Jump Shot: Missed
06:49,66-59,NYK,2546,carmelo,anthony,[NYK] Anthony Rebound (Off:1 Def:3)
06:42,66-59,NYK,201565,derrick,rose,[NYK] Rose Turnover : Lost Ball (1 TO) Steal:Smith (1 ST)
06:35,66-59,DET,202699,tobias,harris,[DET] Harris Turnover : Bad Pass (1 TO) Steal:Anthony (1 ST)
06:25,66-59,NYK,204001,kristaps,porzingis,[NYK] Porzingis 3pt Shot: Missed
06:24,66-59,NYK,204001,kristaps,porzingis,[NYK] Porzingis Rebound (Off:2 Def:1)
06:21,66-59,NYK,204001,kristaps,porzingis,[NYK] Porzingis Layup Shot: Missed
06:20,66-59,NYK,204001,kristaps,porzingis,[NYK] Porzingis Rebound (Off:3 Def:1)
06:20,68-59,NYK,204001,kristaps,porzingis,[NYK 68-59] Porzingis Putback Dunk Shot: Made (27 PTS)
05:53,68-59,DET,203083,andre,drummond,[DET] Drummond Jump Shot: Missed Block: Noah (3 BLK)
05:52,68-59,DET,,,,[DET] Team Rebound
05:52,68-59,DET,,,,[DET] Team Turnover : Shot Clock Turnover
05:27,71-59,NYK,2546,carmelo,anthony,[NYK 71-59] Anthony 3pt Shot: Made (17 PTS)
05:20,71-59,DET,,,,[DET] Team Timeout : Regular
05:20,71-59,DET,203083,andre,drummond,[DET] Drummond Substitution replaced by Baynes
05:05,71-61,DET,203484,kentavious,caldwell-pope,[DET 61-71] Caldwell-Pope Jump Shot: Made (10 PTS)
04:47,71-61,NYK,204001,kristaps,porzingis,[NYK] Porzingis 3pt Shot: Missed
04:47,71-61,DET,203382,aron,baynes,[DET] Baynes Rebound (Off:0 Def:1)
04:39,71-61,DET,203382,aron,baynes,[DET] Baynes Hook Shot: Missed
04:37,71-61,NYK,204001,kristaps,porzingis,[NYK] Porzingis Rebound (Off:3 Def:2)
04:24,73-61,NYK,204001,kristaps,porzingis,[NYK 73-61] Porzingis Fadeaway Jump Shot: Made (29 PTS)
04:10,73-61,DET,202699,tobias,harris,[DET] Harris Jump Shot: Missed
04:10,73-61,NYK,201149,joakim,noah,[NYK] Noah Rebound (Off:7 Def:8)
04:03,73-61,NYK,201565,derrick,rose,[NYK] Rose Jump Shot: Missed
04:03,73-61,DET,,,,[DET] Team Rebound
04:03,73-61,NYK,201149,joakim,noah,[NYK] Noah Foul: Personal (2 PF) (M Ervin)
04:03,73-61,DET,202699,tobias,harris,[DET] Harris Substitution replaced by Leuer
04:03,73-61,NYK,204001,kristaps,porzingis,[NYK] Porzingis Substitution replaced by Ndour
04:03,73-61,NYK,201584,courtney,lee,[NYK] Lee Substitution replaced by Holiday
04:03,73-61,NYK,201149,joakim,noah,[NYK] Noah Substitution replaced by O'Quinn
03:44,73-64,DET,203484,kentavious,caldwell-pope,[DET 64-73] Caldwell-Pope 3pt Shot: Made (13 PTS)
03:26,75-64,NYK,1626254,maurice,ndour,[NYK 75-64] Ndour Dunk Shot: Made (2 PTS) Assist: O'Quinn (1 AST)
03:08,75-64,DET,203484,kentavious,caldwell-pope,[DET] Caldwell-Pope 3pt Shot: Missed
03:08,75-64,DET,203382,aron,baynes,[DET] Baynes Rebound (Off:1 Def:1)
03:01,75-64,DET,202720,jon,leuer,[DET] Leuer Jump Shot: Missed
03:00,75-64,NYK,203124,kyle,o'quinn,[NYK] O'Quinn Rebound (Off:1 Def:1)
02:50,75-64,NYK,2546,carmelo,anthony,[NYK] Anthony 3pt Shot: Missed
02:49,75-64,DET,202720,jon,leuer,[DET] Leuer Rebound (Off:1 Def:4)
02:26,75-67,DET,203484,kentavious,caldwell-pope,[DET 67-75] Caldwell-Pope 3pt Shot: Made (16 PTS)
02:06,77-67,NYK,203124,kyle,o'quinn,[NYK 77-67] O'Quinn Jump Shot: Made (4 PTS) Assist: Rose (3 AST)
01:48,77-67,DET,203484,kentavious,caldwell-pope,[DET] Caldwell-Pope Jump Shot: Missed Block: Holiday (1 BLK)
01:47,77-67,DET,203484,kentavious,caldwell-pope,[DET] Caldwell-Pope Rebound (Off:1 Def:1)
01:42,77-69,DET,202720,jon,leuer,[DET 69-77] Leuer Jump Shot: Made (7 PTS) Assist: Caldwell-Pope (3 AST)
01:26,79-69,NYK,1626254,maurice,ndour,[NYK 79-69] Ndour Layup Shot: Made (4 PTS) Assist: O'Quinn (2 AST)
01:06,79-69,DET,203484,kentavious,caldwell-pope,[DET] Caldwell-Pope Pullup Jump shot: Missed
01:06,79-69,NYK,1626254,maurice,ndour,[NYK] Ndour Rebound (Off:0 Def:1)
00:55.8,81-69,NYK,201565,derrick,rose,[NYK 81-69] Rose Jump Shot: Made (10 PTS)
00:40.3,81-72,DET,202720,jon,leuer,[DET 72-81] Leuer 3pt Shot: Made (10 PTS) Assist: Morris (2 AST)
00:34.8,81-72,NYK,203124,kyle,o'quinn,[NYK] O'Quinn Foul: Offensive (2 PF) (C Kirkland)
00:34.8,81-72,NYK,203124,kyle,o'quinn,[NYK] O'Quinn Turnover : Foul (2 TO)
00:34.8,81-72,DET,202397,ish,smith,[DET] Smith Substitution replaced by Udrih
00:22.7,81-74,DET,202694,marcus,morris,[DET 74-81] Morris Jump Shot: Made (4 PTS)
00:00.2,81-74,NYK,1626254,maurice,ndour,[NYK] Ndour 3pt Shot: Missed
00:00.0,81-74,NYK,,,,[NYK] Team Rebound
End of 3rd Quarter
Start of 4th Quarter
11:50,81-74,DET,203083,andre,drummond,[DET] Drummond Foul: Offensive (3 PF) (C Kirkland)
11:50,81-74,DET,203083,andre,drummond,[DET] Drummond Turnover : Foul (3 TO)
11:38,81-74,NYK,201565,derrick,rose,[NYK] Rose Jump Shot: Missed
11:37,81-74,DET,202720,jon,leuer,[DET] Leuer Rebound (Off:1 Def:5)
11:11,81-74,DET,2757,beno,udrih,[DET] Udrih 3pt Shot: Missed
11:10,81-74,NYK,201565,derrick,rose,[NYK] Rose Rebound (Off:0 Def:4)
11:03,81-74,NYK,203200,justin,holiday,[NYK] Holiday 3pt Shot: Missed
11:02,81-74,DET,202720,jon,leuer,[DET] Leuer Rebound (Off:1 Def:6)
10:55,81-76,DET,202699,tobias,harris,[DET 76-81] Harris Pullup Jump shot: Made (15 PTS)
10:34,81-76,NYK,203200,justin,holiday,[NYK] Holiday 3pt Shot: Missed
10:33,81-76,NYK,203124,kyle,o'quinn,[NYK] O'Quinn Rebound (Off:2 Def:1)
10:31,81-76,DET,202720,jon,leuer,[DET] Leuer Foul: Shooting (2 PF) (2 FTA) (B Forte)
10:31,82-76,NYK,203124,kyle,o'quinn,[NYK 82-76] O'Quinn Free Throw 1 of 2 (5 PTS)
10:31,82-76,NYK,201565,derrick,rose,[NYK] Rose Substitution replaced by Jennings
10:31,83-76,NYK,203124,kyle,o'quinn,[NYK 83-76] O'Quinn Free Throw 2 of 2 (6 PTS)
10:17,83-76,DET,202720,jon,leuer,[DET] Leuer 3pt Shot: Missed
10:17,83-76,NYK,203200,justin,holiday,[NYK] Holiday Rebound (Off:1 Def:2)
10:08,85-76,NYK,204001,kristaps,porzingis,[NYK 85-76] Porzingis Fadeaway Jump Shot: Made (31 PTS)
09:52,85-76,NYK,1626254,maurice,ndour,[NYK] Ndour Foul: Personal (1 PF) (2 FTA) (M Ervin)
09:52,85-77,DET,202699,tobias,harris,[DET 77-85] Harris Free Throw 1 of 2 (16 PTS)
09:52,85-78,DET,202699,tobias,harris,[DET 78-85] Harris Free Throw 2 of 2 (17 PTS)
09:29,85-78,DET,203083,andre,drummond,[DET] Drummond Foul: Shooting (4 PF) (2 FTA) (C Kirkland)
09:29,86-78,NYK,203200,justin,holiday,[NYK 86-78] Holiday Free Throw 1 of 2 (4 PTS)
09:29,87-78,NYK,203200,justin,holiday,[NYK 87-78] Holiday Free Throw 2 of 2 (5 PTS)
09:07,87-78,DET,203083,andre,drummond,[DET] Drummond Jump Shot: Missed Block: O'Quinn (3 BLK)
09:06,87-78,NYK,203124,kyle,o'quinn,[NYK] O'Quinn Rebound (Off:2 Def:2)
09:00,87-78,NYK,204001,kristaps,porzingis,[NYK] Porzingis Turnover : 3 Second Violation (1 TO)
08:44,87-80,DET,202720,jon,leuer,[DET 80-87] Leuer Jump Shot: Made (12 PTS)
08:29,87-80,DET,1626169,stanley,johnson,[DET] Johnson Foul: Personal (2 PF) (M Ervin)
Official Timeout
08:22,89-80,NYK,203200,justin,holiday,[NYK 89-80] Holiday Jump Shot: Made (7 PTS) Assist: Porzingis (2 AST)
08:03,89-80,DET,2757,beno,udrih,[DET] Udrih 3pt Shot: Missed
08:03,89-80,NYK,203124,kyle,o'quinn,[NYK] O'Quinn Rebound (Off:2 Def:3)
07:42,91-80,NYK,203200,justin,holiday,[NYK 91-80] Holiday Driving Reverse Layup Shot: Made (9 PTS) Assist: Jennings (5 AST)
07:27,91-80,NYK,1626254,maurice,ndour,[NYK] Ndour Foul: Defense 3 Second (1 PF) (C Kirkland)
07:27,91-81,DET,2757,beno,udrih,[DET 81-91] Udrih Free Throw Technical (7 PTS)
07:27,91-81,DET,2757,beno,udrih,[DET] Udrih Substitution replaced by Smith
07:27,91-81,DET,1626169,stanley,johnson,[DET] Johnson Substitution replaced by Caldwell-Pope
07:27,91-81,NYK,1626254,maurice,ndour,[NYK] Ndour Substitution replaced by Lee
07:17,91-81,NYK,204001,kristaps,porzingis,[NYK] Porzingis Foul: Shooting (2 PF) (2 FTA) (C Kirkland)
07:17,91-82,DET,203083,andre,drummond,[DET 82-91] Drummond Free Throw 1 of 2 (15 PTS)
07:17,91-82,NYK,203124,kyle,o'quinn,[NYK] O'Quinn Substitution replaced by Anthony
07:17,91-82,DET,203083,andre,drummond,[DET] Drummond Free Throw 2 of 2 Missed
07:16,91-82,NYK,203200,justin,holiday,[NYK] Holiday Rebound (Off:1 Def:3)
07:00,91-82,NYK,203200,justin,holiday,[NYK] Holiday Jump Shot: Missed
07:00,91-82,NYK,203200,justin,holiday,[NYK] Holiday Rebound (Off:2 Def:3)
06:56,94-82,NYK,2546,carmelo,anthony,[NYK 94-82] Anthony 3pt Shot: Made (20 PTS) Assist: Jennings (6 AST)
06:53,94-82,DET,,,,[DET] Team Timeout : Regular
06:53,94-82,DET,203083,andre,drummond,[DET] Drummond Substitution replaced by Morris
06:37,94-85,DET,202694,marcus,morris,[DET 85-94] Morris 3pt Shot: Made (7 PTS) Assist: Smith (5 AST)
06:22,94-85,NYK,2546,carmelo,anthony,[NYK] Anthony Turnover : Bad Pass (1 TO) Steal:Smith (2 ST)
06:16,94-87,DET,203484,kentavious,caldwell-pope,[DET 87-94] Caldwell-Pope Layup Shot: Made (18 PTS) Assist: Smith (6 AST)
05:49,94-87,NYK,2546,carmelo,anthony,[NYK] Anthony Turnover : Lost Ball (2 TO) Steal:Leuer (1 ST)
05:45,94-87,NYK,203200,justin,holiday,[NYK] Holiday Foul: Shooting (1 PF) (2 FTA) (M Ervin)
05:45,94-88,DET,202699,tobias,harris,[DET 88-94] Harris Free Throw 1 of 2 (18 PTS)
05:45,94-88,NYK,203200,justin,holiday,[NYK] Holiday Substitution replaced by Rose
05:45,94-89,DET,202699,tobias,harris,[DET 89-94] Harris Free Throw 2 of 2 (19 PTS)
05:39,94-89,NYK,201943,brandon,jennings,[NYK] Jennings 3pt Shot: Missed
05:39,94-89,DET,202699,tobias,harris,[DET] Harris Rebound (Off:2 Def:7)
05:35,94-89,DET,202397,ish,smith,[DET] Smith Turnover : Lost Ball (3 TO) Steal:Jennings (1 ST)
05:16,96-89,NYK,2546,carmelo,anthony,[NYK 96-89] Anthony Jump Shot: Made (22 PTS)
04:58,96-89,DET,202720,jon,leuer,[DET] Leuer Turnover : Lost Ball (2 TO) Steal:Lee (3 ST)
04:45,96-89,DET,202694,marcus,morris,[DET] Morris Foul: Flagrant Type 1 (2 PF) (2 FTA) (M Ervin)
04:45,96-89,NYK,204001,kristaps,porzingis,[NYK] Porzingis Free Throw Flagrant 1 of 2 Missed
04:45,96-89,NYK,,,,[NYK] Team Rebound
04:45,97-89,NYK,204001,kristaps,porzingis,[NYK 97-89] Porzingis Free Throw Flagrant 2 of 2 (32 PTS)
04:33,100-89,NYK,204001,kristaps,porzingis,[NYK 100-89] Porzingis 3pt Shot: Made (35 PTS) Assist: Jennings (7 AST)
04:09,100-89,DET,203484,kentavious,caldwell-pope,[DET] Caldwell-Pope Jump Shot: Missed Block: Rose (1 BLK)
04:09,100-89,DET,202720,jon,leuer,[DET] Leuer Rebound (Off:2 Def:6)
04:09,100-91,DET,202720,jon,leuer,[DET 91-100] Leuer Layup Shot: Made (14 PTS)
04:09,100-91,NYK,201584,courtney,lee,[NYK] Lee Foul: Shooting (1 PF) (1 FTA) (B Forte)
04:09,100-92,DET,202720,jon,leuer,[DET 92-100] Leuer Free Throw 1 of 1 (15 PTS)
03:51,100-92,NYK,201584,courtney,lee,[NYK] Lee 3pt Shot: Missed
03:50,100-92,DET,203484,kentavious,caldwell-pope,[DET] Caldwell-Pope Rebound (Off:1 Def:2)
03:39,100-92,DET,202720,jon,leuer,[DET] Leuer Layup Shot: Missed Block: Porzingis (1 BLK)
03:39,100-92,NYK,201565,derrick,rose,[NYK] Rose Rebound (Off:0 Def:5)
03:15,100-92,NYK,204001,kristaps,porzingis,[NYK] Porzingis Jump Shot: Missed
03:15,100-92,DET,202720,jon,leuer,[DET] Leuer Rebound (Off:2 Def:7)
03:05,100-92,DET,202694,marcus,morris,[DET] Morris Fadeaway Jump Shot: Missed
03:04,100-92,NYK,204001,kristaps,porzingis,[NYK] Porzingis Rebound (Off:3 Def:3)
02:45,100-92,NYK,201943,brandon,jennings,[NYK] Jennings Turnover : Palming Turnover (2 TO)
02:45,100-92,NYK,,,,[NYK] Team Timeout : Regular
02:45,100-92,NYK,201943,brandon,jennings,[NYK] Jennings Substitution replaced by Holiday
02:29,100-94,DET,202720,jon,leuer,[DET 94-100] Leuer Jump Shot: Made (17 PTS) Assist: Smith (7 AST)
02:02,102-94,NYK,201565,derrick,rose,[NYK 102-94] Rose Jump Shot: Made (12 PTS) Assist: Porzingis (3 AST)
01:50,102-94,DET,203484,kentavious,caldwell-pope,[DET] Caldwell-Pope 3pt Shot: Missed
01:49,102-94,NYK,2546,carmelo,anthony,[NYK] Anthony Rebound (Off:1 Def:4)
01:32,102-94,NYK,201584,courtney,lee,[NYK] Lee Layup Shot: Missed
01:31,102-94,NYK,204001,kristaps,porzingis,[NYK] Porzingis Rebound (Off:4 Def:3)
01:31,102-94,NYK,204001,kristaps,porzingis,[NYK] Porzingis Putback Layup Shot: Missed
01:30,102-94,DET,202699,tobias,harris,[DET] Harris Rebound (Off:2 Def:8)
01:25,102-96,DET,202397,ish,smith,[DET 96-102] Smith Layup Shot: Made (11 PTS)
01:25,102-96,NYK,,,,[NYK] Team Timeout : Short
01:12,104-96,NYK,201565,derrick,rose,[NYK 104-96] Rose Jump Shot: Made (14 PTS)
01:05,104-99,DET,203484,kentavious,caldwell-pope,[DET 99-104] Caldwell-Pope 3pt Shot: Made (21 PTS) Assist: Smith (8 AST)
00:44.9,104-99,NYK,201565,derrick,rose,[NYK] Rose Layup Shot: Missed
00:43.9,104-99,DET,203484,kentavious,caldwell-pope,[DET] Caldwell-Pope Rebound (Off:1 Def:3)
00:37.9,104-99,DET,203484,kentavious,caldwell-pope,[DET] Caldwell-Pope 3pt Shot: Missed
00:36.9,104-99,DET,202397,ish,smith,[DET] Smith Rebound (Off:1 Def:1)
00:31.7,104-102,DET,202397,ish,smith,[DET 102-104] Smith 3pt Shot: Made (14 PTS) Assist: Leuer (3 AST)
00:07.9,104-102,NYK,2546,carmelo,anthony,[NYK] Anthony Jump Shot: Missed
00:06.9,104-102,NYK,201584,courtney,lee,[NYK] Lee Rebound (Off:2 Def:2)
00:03.6,104-102,DET,202397,ish,smith,[DET] Smith Foul: Personal (1 PF) (2 FTA) (M Ervin)
00:03.6,104-102,NYK,201565,derrick,rose,[NYK] Rose Free Throw 1 of 2 Missed
00:03.6,104-102,NYK,,,,[NYK] Team Rebound
00:03.6,104-102,DET,202720,jon,leuer,[DET] Leuer Substitution replaced by Baynes
00:03.6,104-102,DET,202699,tobias,harris,[DET] Harris Substitution replaced by Drummond
00:03.6,105-102,NYK,201565,derrick,rose,[NYK 105-102] Rose Free Throw 2 of 2 (15 PTS)
00:03.6,105-102,DET,,,,[DET] Team Timeout : Regular
00:03.6,105-102,DET,203083,andre,drummond,[DET] Drummond Substitution replaced by Leuer
00:03.6,105-102,DET,202397,ish,smith,[DET] Smith Substitution replaced by Harris
00:03.6,105-102,DET,203382,aron,baynes,[DET] Baynes Substitution replaced by Udrih
00:02.4,105-102,DET,203484,kentavious,caldwell-pope,[DET] Caldwell-Pope 3pt Shot: Missed
00:00.0,105-102,DET,,,,[DET] Team Rebound
End of 4th Quarter
***End of scrape***