203496,Robert,Covington,203967,Dario,Saric,203954,Joel,Embiid,201945,Gerald,Henderson,200771,Sergio,Rodriguez,1626158,Richaun,Holmes,101141,Ersan,Ilyasova,204456,T.J.,McConnell,203138,Hollis,Thompson,203917,Nik,Stauskas,1626143,Jahlil,Okafor
202331,Paul,George,201152,Thaddeus,Young,1626167,Myles,Turner,101139,CJ,Miles,201952,Jeff,Teague,2744,Al,Jefferson,101145,Monta,Ellis,202730,Lavoy,Allen,201166,Aaron,Brooks,202338,Kevin,Seraphin
Start of 1st Quarter
12:00,0-0,PHI,203954,joel,embiid,Jump Ball Embiid vs Turner (Rodriguez gains possession)
11:49,0-0,PHI,203954,joel,embiid,[PHI] Embiid Turnover : Out of Bounds - Bad Pass Turnover (1 TO)
11:42,0-0,PHI,203954,joel,embiid,[PHI] Embiid Foul: Personal (1 PF) (J Capers)
11:34,0-0,IND,101139,cj,miles,[IND] Miles Jump Shot: Missed
11:32,0-0,PHI,203954,joel,embiid,[PHI] Embiid Rebound (Off:0 Def:1)
11:24,0-0,PHI,203496,robert,covington,[PHI] Covington 3pt Shot: Missed
11:22,0-0,IND,1626167,myles,turner,[IND] Turner Rebound (Off:0 Def:1)
11:14,0-0,IND,201152,thaddeus,young,[IND] Young Turnover : Bad Pass (1 TO) Steal:Saric (1 ST)
11:09,2-0,PHI,201945,gerald,henderson,[PHI 2-0] Henderson Running Layup Shot: Made (2 PTS) Assist: Saric (1 AST)
10:52,2-2,IND,101139,cj,miles,[IND 2-2] Miles Turnaround Jump Shot: Made (2 PTS) Assist: Turner (1 AST)
10:40,2-2,IND,1626167,myles,turner,[IND] Turner Foul: Shooting (1 PF) (2 FTA) (J Capers)
10:40,2-2,PHI,203954,joel,embiid,[PHI] Embiid Free Throw 1 of 2 Missed
10:40,2-2,PHI,,,,[PHI] Team Rebound
10:40,3-2,PHI,203954,joel,embiid,[PHI 3-2] Embiid Free Throw 2 of 2 (1 PTS)
10:24,3-4,IND,201152,thaddeus,young,[IND 4-3] Young Hook Shot: Made (2 PTS) Assist: George (1 AST)
10:14,3-4,IND,1626167,myles,turner,[IND] Turner Foul: Shooting (2 PF) (2 FTA) (T Ford)
10:14,4-4,PHI,203954,joel,embiid,[PHI 4-4] Embiid Free Throw 1 of 2 (2 PTS)
10:14,4-4,IND,1626167,myles,turner,[IND] Turner Substitution replaced by Jefferson
10:14,5-4,PHI,203954,joel,embiid,[PHI 5-4] Embiid Free Throw 2 of 2 (3 PTS)
09:55,5-4,IND,201952,jeff,teague,[IND] Teague 3pt Shot: Missed
09:53,5-4,PHI,203496,robert,covington,[PHI] Covington Rebound (Off:0 Def:1)
09:47,5-4,PHI,203954,joel,embiid,[PHI] Embiid Foul: Offensive Charge (2 PF) (M Boland)
09:47,5-4,PHI,203954,joel,embiid,[PHI] Embiid Turnover : Foul (2 TO)
09:47,5-4,PHI,203954,joel,embiid,[PHI] Embiid Substitution replaced by Holmes
09:38,5-4,IND,202331,paul,george,[IND] George Jump Shot: Missed
09:37,5-4,PHI,1626158,richaun,holmes,[PHI] Holmes Rebound (Off:0 Def:1)
09:31,7-4,PHI,201945,gerald,henderson,[PHI 7-4] Henderson Alley Oop Dunk Shot: Made (4 PTS) Assist: Rodriguez (1 AST)
09:14,7-6,IND,201152,thaddeus,young,[IND 6-7] Young Layup Shot: Made (4 PTS) Assist: Teague (1 AST)
09:03,7-6,PHI,203967,dario,saric,[PHI] Saric Layup Shot: Missed
09:02,7-6,IND,202331,paul,george,[IND] George Rebound (Off:0 Def:1)
08:46,7-6,IND,101139,cj,miles,[IND] Miles 3pt Shot: Missed
08:45,7-6,PHI,203967,dario,saric,[PHI] Saric Rebound (Off:0 Def:1)
08:29,7-6,PHI,200771,sergio,rodriguez,[PHI] Rodriguez 3pt Shot: Missed
08:28,7-6,IND,201152,thaddeus,young,[IND] Young Rebound (Off:0 Def:1)
08:16,7-6,PHI,203967,dario,saric,[PHI] Saric Substitution replaced by Ilyasova
08:05,7-8,IND,201152,thaddeus,young,[IND 8-7] Young Driving Hook Shot: Made (6 PTS) Assist: Jefferson (1 AST)
07:50,7-8,PHI,203496,robert,covington,[PHI] Covington Jump Shot: Missed
07:48,7-8,IND,201152,thaddeus,young,[IND] Young Rebound (Off:0 Def:2)
07:38,7-8,PHI,201945,gerald,henderson,[PHI] Henderson Violation:Defensive Goaltending (M Boland)
07:38,7-10,IND,2744,al,jefferson,[IND 10-7] Jefferson Jump Shot: Made (2 PTS) Assist: Teague (2 AST)
07:24,9-10,PHI,201945,gerald,henderson,[PHI 9-10] Henderson Jump Shot: Made (6 PTS) Assist: Rodriguez (2 AST)
07:14,9-12,IND,202331,paul,george,[IND 12-9] George Step Back Jump shot: Made (2 PTS)
07:07,12-12,PHI,101141,ersan,ilyasova,[PHI 12-12] Ilyasova 3pt Shot: Made (3 PTS) Assist: Rodriguez (3 AST)
06:57,12-14,IND,201952,jeff,teague,[IND 14-12] Teague Driving Layup Shot: Made (2 PTS)
06:54,12-14,PHI,,,,[PHI] Team Timeout : Regular
06:54,12-14,PHI,200771,sergio,rodriguez,[PHI] Rodriguez Substitution replaced by McConnell
06:54,12-14,IND,101139,cj,miles,[IND] Miles Substitution replaced by Ellis
06:54,12-14,PHI,203496,robert,covington,[PHI] Covington Substitution replaced by Thompson
06:36,12-14,PHI,201945,gerald,henderson,[PHI] Henderson Jump Shot: Missed
06:34,12-14,PHI,1626158,richaun,holmes,[PHI] Holmes Rebound (Off:1 Def:1)
06:31,12-14,PHI,1626158,richaun,holmes,[PHI] Holmes Jump Shot: Missed
06:30,12-14,PHI,1626158,richaun,holmes,[PHI] Holmes Rebound (Off:2 Def:1)
06:28,14-14,PHI,1626158,richaun,holmes,[PHI 14-14] Holmes Layup Shot: Made (2 PTS)
06:02,14-14,IND,2744,al,jefferson,[IND] Jefferson Turnover : Lost Ball (1 TO) Steal:Holmes (1 ST)
05:53,16-14,PHI,101141,ersan,ilyasova,[PHI 16-14] Ilyasova Jump Shot: Made (5 PTS) Assist: McConnell (1 AST)
05:36,16-16,IND,202331,paul,george,[IND 16-16] George Pullup Jump shot: Made (4 PTS)
05:21,16-16,PHI,201945,gerald,henderson,[PHI] Henderson 3pt Shot: Missed
05:19,16-16,IND,202331,paul,george,[IND] George Rebound (Off:0 Def:2)
05:13,16-16,IND,201152,thaddeus,young,[IND] Young Jump Shot: Missed
05:11,16-16,PHI,101141,ersan,ilyasova,[PHI] Ilyasova Rebound (Off:0 Def:1)
05:01,19-16,PHI,101141,ersan,ilyasova,[PHI 19-16] Ilyasova 3pt Shot: Made (8 PTS) Assist: McConnell (2 AST)
04:42,19-18,IND,2744,al,jefferson,[IND 18-19] Jefferson Layup Shot: Made (4 PTS) Assist: George (2 AST)
04:42,19-18,PHI,204456,t.j.,mcconnell,[PHI] McConnell Foul: Shooting (1 PF) (1 FTA) (J Capers)
04:42,19-18,PHI,201945,gerald,henderson,[PHI] Henderson Substitution replaced by Stauskas
04:42,19-18,IND,201152,thaddeus,young,[IND] Young Substitution replaced by Allen
04:42,19-18,IND,2744,al,jefferson,[IND] Jefferson Free Throw 1 of 1 Missed
04:41,19-18,PHI,203138,hollis,thompson,[PHI] Thompson Rebound (Off:0 Def:1)
04:16,19-18,PHI,1626158,richaun,holmes,[PHI] Holmes Jump Shot: Missed
04:14,19-18,IND,202730,lavoy,allen,[IND] Allen Rebound (Off:0 Def:1)
04:06,19-18,IND,2744,al,jefferson,[IND] Jefferson Layup Shot: Missed Block: Holmes (1 BLK)
04:03,19-18,PHI,203138,hollis,thompson,[PHI] Thompson Rebound (Off:0 Def:2)
03:57,19-18,PHI,204456,t.j.,mcconnell,[PHI] McConnell Turnover : Lost Ball (1 TO) Steal:Teague (1 ST)
03:51,19-18,PHI,101141,ersan,ilyasova,[PHI] Ilyasova Foul: Shooting Block (1 PF) (2 FTA) (M Boland)
03:51,19-19,IND,202730,lavoy,allen,[IND 19-19] Allen Free Throw 1 of 2 (1 PTS)
03:51,19-19,IND,202331,paul,george,[IND] George Substitution replaced by Miles
03:51,19-20,IND,202730,lavoy,allen,[IND 20-19] Allen Free Throw 2 of 2 (2 PTS)
03:41,19-20,PHI,101141,ersan,ilyasova,[PHI] Ilyasova 3pt Shot: Missed
03:40,19-20,IND,101139,cj,miles,[IND] Miles Rebound (Off:0 Def:1)
03:29,19-20,IND,202730,lavoy,allen,[IND] Allen Jump Shot: Missed
03:27,19-20,PHI,1626158,richaun,holmes,[PHI] Holmes Rebound (Off:2 Def:2)
03:13,19-20,PHI,101141,ersan,ilyasova,[PHI] Ilyasova 3pt Shot: Missed
03:11,19-20,IND,101139,cj,miles,[IND] Miles Rebound (Off:0 Def:2)
02:59,19-20,IND,101145,monta,ellis,[IND] Ellis Jump Shot: Missed Block: Stauskas (1 BLK)
02:57,19-20,PHI,203138,hollis,thompson,[PHI] Thompson Rebound (Off:0 Def:3)
02:49,19-20,IND,2744,al,jefferson,[IND] Jefferson Foul: Personal Block (1 PF) (T Ford)
02:49,19-20,IND,,,,[IND] Team Timeout : Regular
02:49,19-20,PHI,101141,ersan,ilyasova,[PHI] Ilyasova Substitution replaced by Saric
02:49,19-20,PHI,1626158,richaun,holmes,[PHI] Holmes Substitution replaced by Okafor
02:49,19-20,IND,201952,jeff,teague,[IND] Teague Substitution replaced by Brooks
02:32,21-20,PHI,203138,hollis,thompson,[PHI 21-20] Thompson Pullup Jump shot: Made (2 PTS) Assist: Okafor (1 AST)
02:19,21-20,IND,2744,al,jefferson,[IND] Jefferson Floating Jump shot: Missed
02:18,21-20,PHI,1626143,jahlil,okafor,[PHI] Okafor Rebound (Off:0 Def:1)
02:09,21-20,PHI,204456,t.j.,mcconnell,[PHI] McConnell Jump Shot: Missed
02:07,21-20,IND,101145,monta,ellis,[IND] Ellis Rebound (Off:0 Def:1)
02:01,21-20,PHI,1626143,jahlil,okafor,[PHI] Okafor Foul: Shooting (1 PF) (2 FTA) (J Capers)
02:01,21-21,IND,2744,al,jefferson,[IND 21-21] Jefferson Free Throw 1 of 2 (5 PTS)
02:01,21-21,PHI,204456,t.j.,mcconnell,[PHI] McConnell Substitution replaced by Rodriguez
02:01,21-22,IND,2744,al,jefferson,[IND 22-21] Jefferson Free Throw 2 of 2 (6 PTS)
01:47,21-22,PHI,203967,dario,saric,[PHI] Saric Jump Shot: Missed
01:46,21-22,IND,101145,monta,ellis,[IND] Ellis Rebound (Off:0 Def:2)
01:39,21-22,IND,202730,lavoy,allen,[IND] Allen Jump Shot: Missed
01:37,21-22,PHI,203138,hollis,thompson,[PHI] Thompson Rebound (Off:0 Def:4)
01:25,21-22,PHI,1626143,jahlil,okafor,[PHI] Okafor Jump Shot: Missed
01:23,21-22,IND,2744,al,jefferson,[IND] Jefferson Rebound (Off:0 Def:1)
01:05,21-25,IND,101139,cj,miles,[IND 25-21] Miles 3pt Shot: Made (5 PTS) Assist: Allen (1 AST)
00:43.9,21-25,PHI,1626143,jahlil,okafor,[PHI] Okafor Jump Shot: Missed
00:42.4,21-25,IND,101145,monta,ellis,[IND] Ellis Rebound (Off:0 Def:3)
00:31.8,21-25,PHI,203967,dario,saric,[PHI] Saric Violation:Kicked Ball (J Capers)
00:19.8,21-27,IND,2744,al,jefferson,[IND 27-21] Jefferson Floating Jump shot: Made (8 PTS) Assist: Ellis (1 AST)
00:00.2,21-27,PHI,203138,hollis,thompson,[PHI] Thompson 3pt Shot: Missed
00:00.0,21-27,PHI,,,,[PHI] Team Rebound
End of 1st Quarter
Start of 2nd Quarter
11:47,21-29,IND,101145,monta,ellis,[IND 29-21] Ellis Driving Layup Shot: Made (2 PTS)
11:36,21-29,PHI,200771,sergio,rodriguez,[PHI] Rodriguez Foul: Offensive (1 PF) (J Capers)
11:36,21-29,PHI,200771,sergio,rodriguez,[PHI] Rodriguez Turnover : Foul (1 TO)
11:24,21-31,IND,202338,kevin,seraphin,[IND 31-21] Seraphin Hook Shot: Made (2 PTS) Assist: Ellis (2 AST)
11:01,21-31,PHI,203954,joel,embiid,[PHI] Embiid Turnover : Lost Ball (3 TO) Steal:Ellis (1 ST)
10:56,21-33,IND,101145,monta,ellis,[IND 33-21] Ellis Running Layup Shot: Made (4 PTS) Assist: Seraphin (1 AST)
10:56,21-33,PHI,,,,[PHI] Team Timeout : Regular
10:48,21-33,IND,202338,kevin,seraphin,[IND] Seraphin Foul: Personal (1 PF) (M Boland)
10:37,21-33,IND,202338,kevin,seraphin,[IND] Seraphin Foul: Shooting Block (2 PF) (2 FTA) (J Capers)
10:37,22-33,PHI,203917,nik,stauskas,[PHI 22-33] Stauskas Free Throw 1 of 2 (1 PTS)
10:37,22-33,PHI,203917,nik,stauskas,[PHI] Stauskas Free Throw 2 of 2 Missed
10:35,22-33,IND,202338,kevin,seraphin,[IND] Seraphin Rebound (Off:0 Def:1)
10:25,22-33,IND,202730,lavoy,allen,[IND] Allen Foul: Offensive (1 PF) (M Boland)
10:25,22-33,IND,202730,lavoy,allen,[IND] Allen Turnover : Foul (1 TO)
10:16,24-33,PHI,203967,dario,saric,[PHI 24-33] Saric Cutting Dunk Shot: Made (2 PTS) Assist: Embiid (1 AST)
10:16,24-33,IND,201166,aaron,brooks,[IND] Brooks Foul: Shooting (1 PF) (1 FTA) (M Boland)
10:16,25-33,PHI,203967,dario,saric,[PHI 25-33] Saric Free Throw 1 of 1 (3 PTS)
10:00,25-35,IND,101139,cj,miles,[IND 35-25] Miles Pullup Bank shot: Made (7 PTS) Assist: Ellis (3 AST)
09:46,27-35,PHI,203954,joel,embiid,[PHI 27-35] Embiid Jump Shot: Made (5 PTS)
09:30,27-37,IND,202338,kevin,seraphin,[IND 37-27] Seraphin Reverse Dunk Shot: Made (4 PTS) Assist: Ellis (4 AST)
09:09,29-37,PHI,203917,nik,stauskas,[PHI 29-37] Stauskas Driving Layup Shot: Made (3 PTS) Assist: Rodriguez (4 AST)
08:55,29-37,IND,101145,monta,ellis,[IND] Ellis Pullup Jump shot: Missed
08:54,29-37,PHI,203954,joel,embiid,[PHI] Embiid Rebound (Off:0 Def:2)
08:48,29-37,PHI,200771,sergio,rodriguez,[PHI] Rodriguez 3pt Shot: Missed
08:45,29-37,IND,101145,monta,ellis,[IND] Ellis Rebound (Off:0 Def:4)
08:32,29-39,IND,201166,aaron,brooks,[IND 39-29] Brooks Driving Reverse Layup Shot: Made (2 PTS)
08:19,29-39,IND,202338,kevin,seraphin,[IND] Seraphin Foul: Personal (3 PF) (J Capers)
08:19,29-39,PHI,203917,nik,stauskas,[PHI] Stauskas Substitution replaced by Henderson
08:04,29-39,PHI,203954,joel,embiid,[PHI] Embiid Turnaround Jump Shot: Missed
08:02,29-39,IND,101145,monta,ellis,[IND] Ellis Rebound (Off:0 Def:5)
07:52,29-39,IND,202730,lavoy,allen,[IND] Allen Jump Shot: Missed
07:51,29-39,PHI,203496,robert,covington,[PHI] Covington Rebound (Off:0 Def:2)
07:41,29-39,PHI,203967,dario,saric,[PHI] Saric Turnover : Lost Ball (1 TO) Steal:Allen (1 ST)
07:36,29-41,IND,101145,monta,ellis,[IND 41-29] Ellis Running Layup Shot: Made (6 PTS)
07:09,29-41,PHI,203954,joel,embiid,[PHI] Embiid Turnaround Jump Shot: Missed
07:09,29-41,IND,,,,[IND] Team Rebound
07:09,29-41,PHI,203954,joel,embiid,[PHI] Embiid Substitution replaced by Holmes
07:09,29-41,IND,101139,cj,miles,[IND] Miles Substitution replaced by George
06:47,29-43,IND,202331,paul,george,[IND 43-29] George Pullup Jump shot: Made (6 PTS) Assist: Allen (2 AST)
06:25,29-43,PHI,201945,gerald,henderson,[PHI] Henderson Turnover : Lost Ball (1 TO) Steal:Ellis (2 ST)
06:20,29-43,IND,101145,monta,ellis,[IND] Ellis Jump Shot: Missed Block: Covington (1 BLK)
06:18,29-43,PHI,,,,[PHI] Team Rebound
06:18,29-43,IND,202730,lavoy,allen,[IND] Allen Substitution replaced by Young
06:07,32-43,PHI,203967,dario,saric,[PHI 32-43] Saric 3pt Shot: Made (6 PTS) Assist: Rodriguez (5 AST)
06:00,32-43,IND,,,,[IND] Team Timeout : Regular
06:00,32-43,IND,201166,aaron,brooks,[IND] Brooks Substitution replaced by Teague
06:00,32-43,IND,202338,kevin,seraphin,[IND] Seraphin Substitution replaced by Turner
05:46,32-43,IND,101145,monta,ellis,[IND] Ellis Turnover : Bad Pass (1 TO) Steal:Saric (2 ST)
05:32,34-43,PHI,200771,sergio,rodriguez,[PHI 34-43] Rodriguez Pullup Jump shot: Made (2 PTS) Assist: Henderson (1 AST)
05:26,34-43,PHI,200771,sergio,rodriguez,[PHI] Rodriguez Foul: Personal (2 PF) (T Ford)
05:21,34-43,IND,202331,paul,george,[IND] George 3pt Shot: Missed
05:18,34-43,PHI,1626158,richaun,holmes,[PHI] Holmes Rebound (Off:2 Def:3)
05:10,34-43,PHI,203967,dario,saric,[PHI] Saric Turnover : Lost Ball (2 TO) Steal:Young (1 ST)
05:03,34-43,IND,201152,thaddeus,young,[IND] Young Turnover : Lost Ball (2 TO) Steal:Covington (1 ST)
04:55,37-43,PHI,200771,sergio,rodriguez,[PHI 37-43] Rodriguez 3pt Shot: Made (5 PTS) Assist: Covington (1 AST)
04:34,37-43,IND,101145,monta,ellis,[IND] Ellis Jump Shot: Missed
04:32,37-43,PHI,201945,gerald,henderson,[PHI] Henderson Rebound (Off:0 Def:1)
04:22,37-43,PHI,203496,robert,covington,[PHI] Covington Driving Layup Shot: Missed
04:20,37-43,PHI,1626158,richaun,holmes,[PHI] Holmes Rebound (Off:3 Def:3)
04:20,39-43,PHI,1626158,richaun,holmes,[PHI 39-43] Holmes Putback Layup Shot: Made (4 PTS)
04:08,39-43,PHI,201945,gerald,henderson,[PHI] Henderson Foul: Personal Block (1 PF) (M Boland)
04:08,39-43,PHI,203967,dario,saric,[PHI] Saric Substitution replaced by Ilyasova
04:08,39-43,IND,101145,monta,ellis,[IND] Ellis Substitution replaced by Miles
03:59,39-43,PHI,1626158,richaun,holmes,[PHI] Holmes Foul: Shooting (1 PF) (2 FTA) (T Ford)
03:59,39-44,IND,201952,jeff,teague,[IND 44-39] Teague Free Throw 1 of 2 (3 PTS)
03:59,39-45,IND,201952,jeff,teague,[IND 45-39] Teague Free Throw 2 of 2 (4 PTS)
03:45,39-45,PHI,1626158,richaun,holmes,[PHI] Holmes Hook Shot: Missed
03:43,39-45,PHI,201945,gerald,henderson,[PHI] Henderson Rebound (Off:1 Def:1)
03:42,39-45,PHI,201945,gerald,henderson,[PHI] Henderson Turnover : Bad Pass (2 TO) Steal:Teague (2 ST)
03:41,39-45,PHI,200771,sergio,rodriguez,[PHI] Rodriguez Foul: Personal (3 PF) (J Capers)
03:41,39-45,PHI,200771,sergio,rodriguez,[PHI] Rodriguez Substitution replaced by McConnell
03:41,39-45,PHI,201945,gerald,henderson,[PHI] Henderson Technical (J Capers)
03:41,39-46,IND,202331,paul,george,[IND 46-39] George Free Throw Technical (7 PTS)
03:41,39-46,PHI,1626158,richaun,holmes,[PHI] Holmes Substitution replaced by Embiid
03:37,39-46,PHI,201945,gerald,henderson,[PHI] Henderson Foul: Personal (2 PF) (2 FTA) (M Boland)
03:37,39-47,IND,101139,cj,miles,[IND 47-39] Miles Free Throw 1 of 2 (8 PTS)
03:37,39-48,IND,101139,cj,miles,[IND 48-39] Miles Free Throw 2 of 2 (9 PTS)
03:15,39-48,IND,202331,paul,george,[IND] George Foul: Personal (1 PF) (2 FTA) (T Ford)
03:15,39-48,IND,,,,[IND] Team Violation : Delay Of Game (J Capers)
03:15,40-48,PHI,201945,gerald,henderson,[PHI 40-48] Henderson Free Throw 1 of 2 (7 PTS)
03:15,41-48,PHI,201945,gerald,henderson,[PHI 41-48] Henderson Free Throw 2 of 2 (8 PTS)
03:02,41-48,IND,1626167,myles,turner,[IND] Turner Jump Shot: Missed
03:01,41-48,PHI,203954,joel,embiid,[PHI] Embiid Rebound (Off:0 Def:3)
02:55,41-48,PHI,203496,robert,covington,[PHI] Covington 3pt Shot: Missed
02:52,41-48,IND,1626167,myles,turner,[IND] Turner Rebound (Off:0 Def:2)
Official Timeout
02:48,41-48,IND,1626167,myles,turner,[IND] Turner Substitution replaced by Jefferson
02:48,41-48,PHI,201945,gerald,henderson,[PHI] Henderson Substitution replaced by Stauskas
02:45,41-48,IND,202331,paul,george,[IND] George Jump Shot: Missed
02:43,41-48,IND,202331,paul,george,[IND] George Rebound (Off:1 Def:2)
02:40,41-48,IND,202331,paul,george,[IND] George 3pt Shot: Missed
02:39,41-48,PHI,,,,[PHI] Team Rebound
02:17,41-48,PHI,203954,joel,embiid,[PHI] Embiid Driving Layup Shot: Missed
02:15,41-48,PHI,101141,ersan,ilyasova,[PHI] Ilyasova Rebound (Off:1 Def:1)
02:08,41-48,IND,202331,paul,george,[IND] George Foul: Shooting (2 PF) (2 FTA) (J Capers)
02:08,42-48,PHI,203496,robert,covington,[PHI 42-48] Covington Free Throw 1 of 2 (1 PTS)
02:08,43-48,PHI,203496,robert,covington,[PHI 43-48] Covington Free Throw 2 of 2 (2 PTS)
01:55,43-50,IND,201952,jeff,teague,[IND 50-43] Teague Driving Floating Jump Shot: Made (6 PTS)
01:45,45-50,PHI,203954,joel,embiid,[PHI 45-50] Embiid Jump Shot: Made (7 PTS)
01:34,45-52,IND,201952,jeff,teague,[IND 52-45] Teague Pullup Jump shot: Made (8 PTS)
01:15,48-52,PHI,204456,t.j.,mcconnell,[PHI 48-52] McConnell 3pt Shot: Made (3 PTS) Assist: Covington (2 AST)
01:02,48-52,IND,201952,jeff,teague,[IND] Teague Layup Shot: Missed
01:01,48-52,PHI,101141,ersan,ilyasova,[PHI] Ilyasova Rebound (Off:1 Def:2)
00:54.9,48-52,PHI,203496,robert,covington,[PHI] Covington 3pt Shot: Missed
00:53.8,48-52,IND,201152,thaddeus,young,[IND] Young Rebound (Off:0 Def:3)
00:42.6,48-52,IND,101139,cj,miles,[IND] Miles 3pt Shot: Missed
00:40.6,48-52,PHI,204456,t.j.,mcconnell,[PHI] McConnell Rebound (Off:0 Def:1)
00:30.9,51-52,PHI,203917,nik,stauskas,[PHI 51-52] Stauskas 3pt Shot: Made (6 PTS) Assist: Embiid (2 AST)
00:08.8,51-52,IND,201952,jeff,teague,[IND] Teague 3pt Shot: Missed
00:06.8,51-52,PHI,101141,ersan,ilyasova,[PHI] Ilyasova Rebound (Off:1 Def:3)
00:01.0,51-52,PHI,203917,nik,stauskas,[PHI] Stauskas 3pt Shot: Missed
00:00.0,51-52,PHI,,,,[PHI] Team Rebound
End of 2nd Quarter
Start of 3rd Quarter
11:53,51-52,IND,201952,jeff,teague,[IND] Teague Turnover : Bad Pass (1 TO) Steal:Saric (3 ST)
11:32,51-52,PHI,200771,sergio,rodriguez,[PHI] Rodriguez Turnover : Bad Pass (2 TO) Steal:Miles (1 ST)
11:20,51-52,IND,101139,cj,miles,[IND] Miles Fadeaway Jump Shot: Missed
11:18,51-52,PHI,203496,robert,covington,[PHI] Covington Rebound (Off:0 Def:3)
11:03,51-52,PHI,203954,joel,embiid,[PHI] Embiid Layup Shot: Missed
11:02,51-52,IND,201152,thaddeus,young,[IND] Young Rebound (Off:0 Def:4)
10:58,51-52,PHI,203496,robert,covington,[PHI] Covington Foul: Shooting (1 PF) (2 FTA) (J Capers)
10:58,51-53,IND,101139,cj,miles,[IND 53-51] Miles Free Throw 1 of 2 (10 PTS)
10:58,51-54,IND,101139,cj,miles,[IND 54-51] Miles Free Throw 2 of 2 (11 PTS)
10:42,51-54,PHI,201945,gerald,henderson,[PHI] Henderson Jump Shot: Missed
10:41,51-54,IND,202331,paul,george,[IND] George Rebound (Off:1 Def:3)
10:37,51-54,IND,201152,thaddeus,young,[IND] Young Turnover : Traveling (3 TO)
10:25,51-54,PHI,203496,robert,covington,[PHI] Covington Cutting Layup Shot: Missed
10:23,51-54,IND,101139,cj,miles,[IND] Miles Rebound (Off:0 Def:3)
10:10,51-54,IND,201952,jeff,teague,[IND] Teague Turnover : Out of Bounds - Bad Pass Turnover (2 TO)
09:52,51-54,PHI,201945,gerald,henderson,[PHI] Henderson 3pt Shot: Missed
09:51,51-54,IND,201152,thaddeus,young,[IND] Young Rebound (Off:0 Def:5)
09:45,51-54,IND,202331,paul,george,[IND] George Jump Shot: Missed
09:43,51-54,PHI,203967,dario,saric,[PHI] Saric Rebound (Off:0 Def:2)
09:43,51-54,PHI,203954,joel,embiid,[PHI] Embiid Turnover : Poss Lost Ball Turnover (4 TO) Steal:George (1 ST)
09:14,51-54,IND,201952,jeff,teague,[IND] Teague Turnover : Lost Ball (3 TO) Steal:Covington (2 ST)
09:11,51-54,PHI,,,,[PHI] Team Timeout : Regular
08:45,54-54,PHI,203496,robert,covington,[PHI 54-54] Covington 3pt Shot: Made (5 PTS) Assist: Rodriguez (6 AST)
08:23,54-54,IND,202331,paul,george,[IND] George Turnover : Bad Pass (1 TO) Steal:Henderson (1 ST)
08:17,54-54,PHI,200771,sergio,rodriguez,[PHI] Rodriguez 3pt Shot: Missed
08:15,54-54,IND,201152,thaddeus,young,[IND] Young Rebound (Off:0 Def:6)
07:56,54-56,IND,1626167,myles,turner,[IND 56-54] Turner Step Back Jump shot: Made (2 PTS) Assist: George (3 AST)
07:37,54-56,PHI,201945,gerald,henderson,[PHI] Henderson Jump Shot: Missed
07:35,54-56,IND,1626167,myles,turner,[IND] Turner Rebound (Off:0 Def:3)
07:25,54-56,IND,1626167,myles,turner,[IND] Turner 3pt Shot: Missed
07:24,54-56,PHI,200771,sergio,rodriguez,[PHI] Rodriguez Rebound (Off:0 Def:1)
07:15,54-56,PHI,203954,joel,embiid,[PHI] Embiid 3pt Shot: Missed
07:13,54-56,PHI,203496,robert,covington,[PHI] Covington Rebound (Off:1 Def:3)
07:11,57-56,PHI,203496,robert,covington,[PHI 57-56] Covington 3pt Shot: Made (8 PTS)
06:51,57-58,IND,101139,cj,miles,[IND 58-57] Miles Driving Layup Shot: Made (13 PTS) Assist: Teague (3 AST)
06:41,57-58,IND,1626167,myles,turner,[IND] Turner Foul: Shooting (3 PF) (2 FTA) (J Capers)
06:41,58-58,PHI,203954,joel,embiid,[PHI 58-58] Embiid Free Throw 1 of 2 (8 PTS)
06:41,58-58,PHI,203967,dario,saric,[PHI] Saric Substitution replaced by Ilyasova
06:41,58-58,PHI,201945,gerald,henderson,[PHI] Henderson Substitution replaced by Stauskas
06:41,59-58,PHI,203954,joel,embiid,[PHI 59-58] Embiid Free Throw 2 of 2 (9 PTS)
06:31,59-58,IND,101139,cj,miles,[IND] Miles Driving Floating Jump Shot: Missed
06:28,59-58,PHI,101141,ersan,ilyasova,[PHI] Ilyasova Rebound (Off:1 Def:4)
06:23,59-58,PHI,203496,robert,covington,[PHI] Covington 3pt Shot: Missed
06:21,59-58,IND,201952,jeff,teague,[IND] Teague Rebound (Off:0 Def:1)
06:17,59-58,IND,201952,jeff,teague,[IND] Teague Layup Shot: Missed Block: Embiid (1 BLK)
06:16,59-58,PHI,101141,ersan,ilyasova,[PHI] Ilyasova Rebound (Off:1 Def:5)
06:16,59-58,IND,1626167,myles,turner,[IND] Turner Foul: Loose Ball (4 PF) (M Boland)
06:16,59-58,PHI,203954,joel,embiid,[PHI] Embiid Substitution replaced by Holmes
06:16,59-58,IND,1626167,myles,turner,[IND] Turner Substitution replaced by Jefferson
06:16,59-58,IND,101139,cj,miles,[IND] Miles Substitution replaced by Ellis
05:59,59-58,PHI,200771,sergio,rodriguez,[PHI] Rodriguez Substitution replaced by McConnell
05:53,59-58,PHI,1626158,richaun,holmes,[PHI] Holmes Layup Shot: Missed
05:52,59-58,IND,2744,al,jefferson,[IND] Jefferson Rebound (Off:0 Def:2)
05:43,59-58,IND,101145,monta,ellis,[IND] Ellis Foul: Offensive (1 PF) (T Ford)
05:43,59-58,IND,101145,monta,ellis,[IND] Ellis Turnover : Foul (2 TO)
05:43,59-58,IND,201952,jeff,teague,[IND] Teague Substitution replaced by Brooks
05:32,61-58,PHI,1626158,richaun,holmes,[PHI 61-58] Holmes Dunk Shot: Made (6 PTS) Assist: Stauskas (1 AST)
05:11,61-61,IND,201152,thaddeus,young,[IND 61-61] Young 3pt Shot: Made (9 PTS) Assist: George (4 AST)
04:54,61-61,PHI,203917,nik,stauskas,[PHI] Stauskas 3pt Shot: Missed
04:52,61-61,IND,201152,thaddeus,young,[IND] Young Rebound (Off:0 Def:7)
04:44,61-61,IND,101145,monta,ellis,[IND] Ellis 3pt Shot: Missed
04:42,61-61,PHI,101141,ersan,ilyasova,[PHI] Ilyasova Rebound (Off:1 Def:6)
04:27,61-61,PHI,203496,robert,covington,[PHI] Covington 3pt Shot: Missed
04:25,61-61,PHI,1626158,richaun,holmes,[PHI] Holmes Rebound (Off:4 Def:3)
04:20,63-61,PHI,203917,nik,stauskas,[PHI 63-61] Stauskas Driving Finger Roll Layup Shot: Made (8 PTS) Assist: McConnell (3 AST)
03:52,63-61,IND,2744,al,jefferson,[IND] Jefferson Fadeaway Jump Shot: Missed
03:50,63-61,PHI,204456,t.j.,mcconnell,[PHI] McConnell Rebound (Off:0 Def:2)
03:40,63-61,PHI,203496,robert,covington,[PHI] Covington 3pt Shot: Missed
03:39,63-61,PHI,101141,ersan,ilyasova,[PHI] Ilyasova Rebound (Off:2 Def:6)
03:38,63-61,IND,2744,al,jefferson,[IND] Jefferson Foul: Shooting (2 PF) (2 FTA) (J Capers)
03:38,64-61,PHI,101141,ersan,ilyasova,[PHI 64-61] Ilyasova Free Throw 1 of 2 (9 PTS)
03:38,64-61,PHI,203496,robert,covington,[PHI] Covington Substitution replaced by Thompson
03:38,64-61,IND,201152,thaddeus,young,[IND] Young Substitution replaced by Allen
03:38,65-61,PHI,101141,ersan,ilyasova,[PHI 65-61] Ilyasova Free Throw 2 of 2 (10 PTS)
03:19,65-61,IND,202331,paul,george,[IND] George Jump Shot: Missed
03:17,65-61,PHI,204456,t.j.,mcconnell,[PHI] McConnell Rebound (Off:0 Def:3)
03:13,65-61,PHI,204456,t.j.,mcconnell,[PHI] McConnell Turnover : Lost Ball (2 TO) Steal:Brooks (1 ST)
03:07,65-63,IND,202331,paul,george,[IND 63-65] George Running Layup Shot: Made (9 PTS)
02:52,67-63,PHI,1626158,richaun,holmes,[PHI 67-63] Holmes Jump Shot: Made (8 PTS)
02:52,67-63,IND,202331,paul,george,[IND] George Foul: Away From Play (3 PF) (1 FTA) (J Capers)
02:52,68-63,PHI,203138,hollis,thompson,[PHI 68-63] Thompson Free Throw 1 of 1 (3 PTS)
02:52,68-63,IND,,,,[IND] Team Timeout : Regular
02:29,68-63,IND,201166,aaron,brooks,[IND] Brooks 3pt Shot: Missed
02:27,68-63,IND,202331,paul,george,[IND] George Rebound (Off:2 Def:3)
02:25,68-63,PHI,203917,nik,stauskas,[PHI] Stauskas Foul: Shooting (1 PF) (2 FTA) (T Ford)
02:25,68-64,IND,202331,paul,george,[IND 64-68] George Free Throw 1 of 2 (10 PTS)
02:25,68-65,IND,202331,paul,george,[IND 65-68] George Free Throw 2 of 2 (11 PTS)
02:15,68-65,IND,101145,monta,ellis,[IND] Ellis Foul: Personal (2 PF) (2 FTA) (J Capers)
02:15,69-65,PHI,203917,nik,stauskas,[PHI 69-65] Stauskas Free Throw 1 of 2 (9 PTS)
02:15,69-65,PHI,203917,nik,stauskas,[PHI] Stauskas Free Throw 2 of 2 Missed
02:14,69-65,IND,2744,al,jefferson,[IND] Jefferson Rebound (Off:0 Def:3)
01:56,69-65,IND,201166,aaron,brooks,[IND] Brooks 3pt Shot: Missed
01:54,69-65,PHI,1626158,richaun,holmes,[PHI] Holmes Rebound (Off:4 Def:4)
01:48,69-65,IND,201166,aaron,brooks,[IND] Brooks Foul: Shooting (2 PF) (2 FTA) (T Ford)
01:48,70-65,PHI,204456,t.j.,mcconnell,[PHI 70-65] McConnell Free Throw 1 of 2 (4 PTS)
01:48,71-65,PHI,204456,t.j.,mcconnell,[PHI 71-65] McConnell Free Throw 2 of 2 (5 PTS)
01:37,71-65,PHI,1626158,richaun,holmes,[PHI] Holmes Foul: Shooting (2 PF) (2 FTA) (T Ford)
01:37,71-66,IND,202331,paul,george,[IND 66-71] George Free Throw 1 of 2 (12 PTS)
01:37,71-67,IND,202331,paul,george,[IND 67-71] George Free Throw 2 of 2 (13 PTS)
01:21,73-67,PHI,203917,nik,stauskas,[PHI 73-67] Stauskas Driving Reverse Layup Shot: Made (11 PTS)
01:02,73-69,IND,202331,paul,george,[IND 69-73] George Pullup Jump shot: Made (15 PTS) Assist: Allen (3 AST)
00:42.8,73-69,PHI,1626158,richaun,holmes,[PHI] Holmes Jump Shot: Missed
00:41.1,73-69,IND,101145,monta,ellis,[IND] Ellis Rebound (Off:0 Def:6)
00:35.4,73-69,IND,101145,monta,ellis,[IND] Ellis Pullup Jump shot: Missed
00:30.9,73-69,PHI,204456,t.j.,mcconnell,[PHI] McConnell Rebound (Off:0 Def:4)
00:20.5,76-69,PHI,203917,nik,stauskas,[PHI 76-69] Stauskas 3pt Shot: Made (14 PTS) Assist: Ilyasova (1 AST)
00:00.7,76-72,IND,202331,paul,george,[IND 72-76] George 3pt Shot: Made (18 PTS) Assist: Jefferson (2 AST)
End of 3rd Quarter
Start of 4th Quarter
11:50,76-72,PHI,203917,nik,stauskas,[PHI] Stauskas Turnover : Lost Ball (1 TO) Steal:Ellis (3 ST)
11:46,76-74,IND,101145,monta,ellis,[IND 74-76] Ellis Layup Shot: Made (8 PTS)
11:31,78-74,PHI,203138,hollis,thompson,[PHI 78-74] Thompson Driving Reverse Layup Shot: Made (5 PTS) Assist: Ilyasova (2 AST)
11:05,78-76,IND,2744,al,jefferson,[IND 76-78] Jefferson Jump Shot: Made (10 PTS)
10:48,78-76,PHI,203954,joel,embiid,[PHI] Embiid Fadeaway Jump Shot: Missed
10:46,78-76,IND,202730,lavoy,allen,[IND] Allen Rebound (Off:0 Def:2)
10:30,78-76,IND,2744,al,jefferson,[IND] Jefferson Turnaround Hook Shot: Missed
10:28,78-76,PHI,101141,ersan,ilyasova,[PHI] Ilyasova Rebound (Off:2 Def:7)
10:22,78-76,IND,2744,al,jefferson,[IND] Jefferson Foul: Personal (3 PF) (T Ford)
10:04,78-76,PHI,203954,joel,embiid,[PHI] Embiid Jump Shot: Missed
10:02,78-76,IND,101139,cj,miles,[IND] Miles Rebound (Off:0 Def:4)
09:57,78-78,IND,101145,monta,ellis,[IND 78-78] Ellis Running Finger Roll Layup Shot: Made (10 PTS) Assist: Miles (1 AST)
09:46,78-78,IND,2744,al,jefferson,[IND] Jefferson Foul: Personal (4 PF) (M Boland)
09:46,78-78,PHI,101141,ersan,ilyasova,[PHI] Ilyasova Substitution replaced by Saric
09:46,78-78,PHI,203917,nik,stauskas,[PHI] Stauskas Substitution replaced by Henderson
09:46,78-78,IND,2744,al,jefferson,[IND] Jefferson Substitution replaced by Seraphin
09:46,78-78,PHI,203138,hollis,thompson,[PHI] Thompson Substitution replaced by Covington
09:37,78-78,IND,202338,kevin,seraphin,[IND] Seraphin Foul: Shooting (4 PF) (2 FTA) (M Boland)
09:37,79-78,PHI,203954,joel,embiid,[PHI 79-78] Embiid Free Throw 1 of 2 (10 PTS)
09:37,80-78,PHI,203954,joel,embiid,[PHI 80-78] Embiid Free Throw 2 of 2 (11 PTS)
09:21,80-80,IND,101145,monta,ellis,[IND 80-80] Ellis Jump Shot: Made (12 PTS)
09:09,80-80,PHI,203954,joel,embiid,[PHI] Embiid Turnover : Traveling (5 TO)
09:09,80-80,PHI,204456,t.j.,mcconnell,[PHI] McConnell Substitution replaced by Rodriguez
09:08,80-80,PHI,203954,joel,embiid,[PHI] Embiid Substitution replaced by Holmes
08:55,80-80,IND,101145,monta,ellis,[IND] Ellis Pullup Jump shot: Missed
08:51,80-80,PHI,1626158,richaun,holmes,[PHI] Holmes Rebound (Off:4 Def:5)
08:38,82-80,PHI,203967,dario,saric,[PHI 82-80] Saric Step Back Jump shot: Made (8 PTS)
08:20,82-80,IND,202338,kevin,seraphin,[IND] Seraphin Hook Shot: Missed
08:18,82-80,PHI,1626158,richaun,holmes,[PHI] Holmes Rebound (Off:4 Def:6)
Official Timeout
08:11,82-80,IND,201166,aaron,brooks,[IND] Brooks Substitution replaced by Teague
08:11,82-80,IND,101139,cj,miles,[IND] Miles Substitution replaced by George
08:11,82-80,IND,202338,kevin,seraphin,[IND] Seraphin Substitution replaced by Turner
07:56,84-80,PHI,201945,gerald,henderson,[PHI 84-80] Henderson Step Back Jump shot: Made (10 PTS) Assist: Saric (2 AST)
07:42,84-80,PHI,203496,robert,covington,[PHI] Covington Foul: Personal (2 PF) (J Capers)
07:42,84-80,IND,202730,lavoy,allen,[IND] Allen Substitution replaced by Young
07:38,84-82,IND,202331,paul,george,[IND 82-84] George Dunk Shot: Made (20 PTS) Assist: Young (1 AST)
07:20,84-82,PHI,203967,dario,saric,[PHI] Saric Foul: Offensive (1 PF) (M Boland)
07:20,84-82,PHI,203967,dario,saric,[PHI] Saric Turnover : Foul (3 TO)
07:07,84-82,IND,201952,jeff,teague,[IND] Teague Turnover : Backcourt Turnover (4 TO)
06:57,84-82,PHI,200771,sergio,rodriguez,[PHI] Rodriguez Jump Shot: Missed
06:55,84-82,IND,202331,paul,george,[IND] George Rebound (Off:2 Def:4)
06:48,84-84,IND,202331,paul,george,[IND 84-84] George Driving Layup Shot: Made (22 PTS)
06:31,84-84,PHI,203967,dario,saric,[PHI] Saric Turnover : Lost Ball (4 TO) Steal:Ellis (4 ST)
06:27,84-86,IND,101145,monta,ellis,[IND 86-84] Ellis Running Layup Shot: Made (14 PTS)
06:27,84-86,PHI,,,,[PHI] Team Timeout : Regular
06:14,84-86,PHI,203967,dario,saric,[PHI] Saric 3pt Shot: Missed
06:12,84-86,PHI,200771,sergio,rodriguez,[PHI] Rodriguez Rebound (Off:1 Def:1)
06:07,84-86,PHI,203496,robert,covington,[PHI] Covington 3pt Shot: Missed
06:06,84-86,IND,201152,thaddeus,young,[IND] Young Rebound (Off:0 Def:8)
06:04,84-86,IND,,,,[IND] Team Timeout : Regular
06:04,84-86,PHI,201945,gerald,henderson,[PHI] Henderson Substitution replaced by Stauskas
06:04,84-86,PHI,203967,dario,saric,[PHI] Saric Substitution replaced by Ilyasova
05:54,84-86,PHI,203496,robert,covington,[PHI] Covington Foul: Shooting Block (3 PF) (2 FTA) (T Ford)
05:54,84-87,IND,101145,monta,ellis,[IND 87-84] Ellis Free Throw 1 of 2 (15 PTS)
05:54,84-88,IND,101145,monta,ellis,[IND 88-84] Ellis Free Throw 2 of 2 (16 PTS)
05:42,84-88,PHI,1626158,richaun,holmes,[PHI] Holmes Turnover : Bad Pass (1 TO) Steal:George (2 ST)
05:22,84-88,PHI,101141,ersan,ilyasova,[PHI] Ilyasova Foul: Shooting (2 PF) (2 FTA) (M Boland)
05:22,84-89,IND,201152,thaddeus,young,[IND 89-84] Young Free Throw 1 of 2 (10 PTS)
05:22,84-90,IND,201152,thaddeus,young,[IND 90-84] Young Free Throw 2 of 2 (11 PTS)
05:05,84-90,PHI,1626158,richaun,holmes,[PHI] Holmes 3pt Shot: Missed
05:03,84-90,IND,202331,paul,george,[IND] George Rebound (Off:2 Def:5)
04:45,84-90,IND,202331,paul,george,[IND] George Turnaround Jump Shot: Missed
04:43,84-90,PHI,101141,ersan,ilyasova,[PHI] Ilyasova Rebound (Off:2 Def:8)
04:27,87-90,PHI,101141,ersan,ilyasova,[PHI 87-90] Ilyasova 3pt Shot: Made (13 PTS) Assist: Rodriguez (7 AST)
04:27,87-90,IND,202331,paul,george,[IND] George Foul: Shooting (4 PF) (1 FTA) (T Ford)
04:27,87-90,PHI,1626158,richaun,holmes,[PHI] Holmes Substitution replaced by Embiid
04:27,88-90,PHI,101141,ersan,ilyasova,[PHI 88-90] Ilyasova Free Throw 1 of 1 (14 PTS)
04:16,88-90,IND,1626167,myles,turner,[IND] Turner Foul: Offensive Charge (5 PF) (J Capers)
04:16,88-90,IND,1626167,myles,turner,[IND] Turner Turnover : Foul (1 TO)
04:16,88-90,IND,1626167,myles,turner,[IND] Turner Substitution replaced by Jefferson
04:05,91-90,PHI,203954,joel,embiid,[PHI 91-90] Embiid 3pt Shot: Made (14 PTS) Assist: Rodriguez (8 AST)
03:36,91-90,IND,201152,thaddeus,young,[IND] Young Jump Shot: Missed Block: Ilyasova (1 BLK)
03:36,91-90,IND,,,,[IND] Team Rebound
03:33,91-90,IND,202331,paul,george,[IND] George Fadeaway Jump Shot: Missed
03:32,91-90,PHI,101141,ersan,ilyasova,[PHI] Ilyasova Rebound (Off:2 Def:9)
03:21,93-90,PHI,200771,sergio,rodriguez,[PHI 93-90] Rodriguez Pullup Jump shot: Made (7 PTS)
03:20,93-90,IND,,,,[IND] Team Timeout : Regular
03:20,93-90,IND,2744,al,jefferson,[IND] Jefferson Substitution replaced by Turner
02:56,93-93,IND,201952,jeff,teague,[IND 93-93] Teague 3pt Shot: Made (11 PTS) Assist: Ellis (5 AST)
02:36,93-93,IND,201952,jeff,teague,[IND] Teague Foul: Personal (1 PF) (2 FTA) (M Boland)
02:36,94-93,PHI,203954,joel,embiid,[PHI 94-93] Embiid Free Throw 1 of 2 (15 PTS)
02:36,94-93,PHI,203917,nik,stauskas,[PHI] Stauskas Substitution replaced by Henderson
02:36,94-93,PHI,203954,joel,embiid,[PHI] Embiid Free Throw 2 of 2 Missed
02:35,94-93,IND,1626167,myles,turner,[IND] Turner Rebound (Off:0 Def:4)
02:13,94-93,IND,1626167,myles,turner,[IND] Turner Layup Shot: Missed
02:11,94-93,PHI,203954,joel,embiid,[PHI] Embiid Rebound (Off:0 Def:4)
01:54,96-93,PHI,203954,joel,embiid,[PHI 96-93] Embiid Layup Shot: Made (17 PTS) Assist: Covington (3 AST)
01:54,96-93,IND,202331,paul,george,[IND] George Foul: Shooting (5 PF) (1 FTA) (T Ford)
01:54,97-93,PHI,203954,joel,embiid,[PHI 97-93] Embiid Free Throw 1 of 1 (18 PTS)
01:32,97-95,IND,201952,jeff,teague,[IND 95-97] Teague Step Back Jump shot: Made (13 PTS)
01:15,97-95,PHI,203954,joel,embiid,[PHI] Embiid Jump Shot: Missed
01:14,97-95,PHI,203954,joel,embiid,[PHI] Embiid Rebound (Off:1 Def:4)
01:14,99-95,PHI,203954,joel,embiid,[PHI 99-95] Embiid Putback Dunk Shot: Made (20 PTS)
01:14,99-95,IND,,,,[IND] Team Timeout : Regular
01:14,99-95,PHI,200771,sergio,rodriguez,[PHI] Rodriguez Substitution replaced by McConnell
01:14,99-95,IND,201152,thaddeus,young,[IND] Young Substitution replaced by Miles
00:57.8,99-95,IND,202331,paul,george,[IND] George Layup Shot: Missed Block: Henderson (1 BLK)
00:55.9,99-95,IND,202331,paul,george,[IND] George Rebound (Off:3 Def:5)
00:53.6,99-95,IND,101145,monta,ellis,[IND] Ellis 3pt Shot: Missed
00:51.7,99-95,PHI,201945,gerald,henderson,[PHI] Henderson Rebound (Off:1 Def:2)
00:34.9,99-95,PHI,203954,joel,embiid,[PHI] Embiid Step Back Jump shot: Missed
00:31.7,99-95,PHI,201945,gerald,henderson,[PHI] Henderson Rebound (Off:2 Def:2)
00:25.4,99-95,IND,201952,jeff,teague,[IND] Teague Foul: Personal (2 PF) (2 FTA) (T Ford)
00:25.4,99-95,PHI,204456,t.j.,mcconnell,[PHI] McConnell Free Throw 1 of 2 Missed
00:25.4,99-95,PHI,,,,[PHI] Team Rebound
00:25.4,99-95,IND,101139,cj,miles,[IND] Miles Substitution replaced by Allen
00:25.4,100-95,PHI,204456,t.j.,mcconnell,[PHI 100-95] McConnell Free Throw 2 of 2 (6 PTS)
00:25.4,100-95,IND,,,,[IND] Team Timeout : Short
00:25.4,100-95,IND,202730,lavoy,allen,[IND] Allen Substitution replaced by Miles
00:22.0,100-97,IND,101145,monta,ellis,[IND 97-100] Ellis Driving Layup Shot: Made (18 PTS) Assist: Turner (2 AST)
00:22.0,100-97,PHI,203954,joel,embiid,[PHI] Embiid Foul: Shooting (3 PF) (1 FTA) (T Ford)
00:22.0,100-98,IND,101145,monta,ellis,[IND 98-100] Ellis Free Throw 1 of 1 (19 PTS)
00:22.0,100-98,PHI,,,,[PHI] Team Timeout : Short
00:22.0,100-98,PHI,204456,t.j.,mcconnell,[PHI] McConnell Substitution replaced by Rodriguez
00:22.0,100-98,PHI,101141,ersan,ilyasova,[PHI] Ilyasova Substitution replaced by Saric
00:22.0,100-98,IND,1626167,myles,turner,[IND] Turner Substitution replaced by Allen
00:22.0,100-98,IND,101139,cj,miles,[IND] Miles Substitution replaced by Young
00:19.9,100-98,PHI,200771,sergio,rodriguez,[PHI] Rodriguez Turnover : Lost Ball (3 TO) Steal:Teague (3 ST)
00:02.8,100-98,PHI,201945,gerald,henderson,[PHI] Henderson Foul: Personal (3 PF) (2 FTA) (J Capers)
00:02.8,100-99,IND,202331,paul,george,[IND 99-100] George Free Throw 1 of 2 (23 PTS)
00:02.8,100-100,IND,202331,paul,george,[IND 100-100] George Free Throw 2 of 2 (24 PTS)
00:02.8,100-100,PHI,,,,[PHI] Team Timeout : Regular
00:02.8,100-100,IND,201152,thaddeus,young,[IND] Young Substitution replaced by Turner
00:02.8,100-100,PHI,200771,sergio,rodriguez,[PHI] Rodriguez Substitution replaced by Thompson
00:00.2,100-100,PHI,203954,joel,embiid,[PHI] Embiid 3pt Shot: Missed
00:00.0,100-100,PHI,,,,[PHI] Team Rebound
End of 4th Quarter
Start of OT Quarter
04:59,100-100,PHI,1626158,richaun,holmes,Jump Ball Holmes vs Turner (Teague gains possession)
04:47,100-100,IND,101145,monta,ellis,[IND] Ellis Pullup Jump shot: Missed
04:45,100-100,PHI,203967,dario,saric,[PHI] Saric Rebound (Off:0 Def:3)
04:30,102-100,PHI,203496,robert,covington,[PHI 102-100] Covington Driving Floating Jump Shot: Made (10 PTS) Assist: Rodriguez (9 AST)
04:04,102-103,IND,1626167,myles,turner,[IND 103-102] Turner 3pt Shot: Made (5 PTS) Assist: Teague (4 AST)
03:43,104-103,PHI,201945,gerald,henderson,[PHI 104-103] Henderson Fadeaway Jump Shot: Made (12 PTS)
03:24,104-103,IND,1626167,myles,turner,[IND] Turner Jump Shot: Missed
03:23,104-103,PHI,1626158,richaun,holmes,[PHI] Holmes Rebound (Off:4 Def:7)
03:08,104-103,PHI,200771,sergio,rodriguez,[PHI] Rodriguez Turnover : Bad Pass (4 TO) Steal:Turner (1 ST)
02:55,104-103,PHI,200771,sergio,rodriguez,[PHI] Rodriguez Foul: Personal Block (4 PF) (J Capers)
02:42,104-103,IND,101145,monta,ellis,[IND] Ellis Jump Shot: Missed
02:39,104-103,PHI,1626158,richaun,holmes,[PHI] Holmes Rebound (Off:4 Def:8)
02:35,104-103,PHI,201945,gerald,henderson,[PHI] Henderson Layup Shot: Missed
02:33,104-103,IND,1626167,myles,turner,[IND] Turner Rebound (Off:0 Def:5)
02:18,104-103,IND,201152,thaddeus,young,[IND] Young 3pt Shot: Missed
02:14,104-103,PHI,203967,dario,saric,[PHI] Saric Rebound (Off:0 Def:4)
02:09,104-103,PHI,201945,gerald,henderson,[PHI] Henderson Layup Shot: Missed Block: Turner (1 BLK)
02:07,104-103,IND,202331,paul,george,[IND] George Rebound (Off:3 Def:6)
02:00,104-103,IND,101145,monta,ellis,[IND] Ellis Layup Shot: Missed
01:59,104-103,PHI,203967,dario,saric,[PHI] Saric Rebound (Off:0 Def:5)
01:57,104-103,PHI,1626158,richaun,holmes,[PHI] Holmes Substitution replaced by Embiid
01:44,104-103,IND,1626167,myles,turner,[IND] Turner Foul: Personal (6 PF) (J Capers)
01:44,104-103,IND,101145,monta,ellis,[IND] Ellis Substitution replaced by Miles
01:44,104-103,IND,1626167,myles,turner,[IND] Turner Substitution replaced by Allen
01:32,104-103,PHI,203954,joel,embiid,[PHI] Embiid Jump Shot: Missed Block: Allen (1 BLK)
01:30,104-103,PHI,203954,joel,embiid,[PHI] Embiid Rebound (Off:2 Def:4)
01:30,104-103,PHI,,,,[PHI] Team Turnover : Shot Clock Turnover
01:30,104-103,IND,,,,[IND] Team Timeout : Regular
01:30,104-103,PHI,200771,sergio,rodriguez,[PHI] Rodriguez Substitution replaced by McConnell
01:12,104-105,IND,202331,paul,george,[IND 105-104] George Jump Shot: Made (26 PTS)
01:12,104-105,PHI,,,,[PHI] Team Timeout : Regular
01:12,104-105,PHI,204456,t.j.,mcconnell,[PHI] McConnell Substitution replaced by Rodriguez
00:55.1,106-105,PHI,203954,joel,embiid,[PHI 106-105] Embiid Driving Bank shot: Made (22 PTS)
00:55.1,106-105,IND,202730,lavoy,allen,[IND] Allen Foul: Shooting (2 PF) (1 FTA) (M Boland)
00:55.1,106-105,PHI,200771,sergio,rodriguez,[PHI] Rodriguez Substitution replaced by McConnell
00:55.1,107-105,PHI,203954,joel,embiid,[PHI 107-105] Embiid Free Throw 1 of 1 (23 PTS)
00:37.9,107-105,IND,202331,paul,george,[IND] George Jump Shot: Missed
00:36.5,107-105,PHI,,,,[PHI] Team Rebound
00:36.5,107-105,PHI,204456,t.j.,mcconnell,[PHI] McConnell Substitution replaced by Rodriguez
00:14.9,107-105,PHI,203954,joel,embiid,[PHI] Embiid Jump Shot: Missed
00:13.7,107-105,PHI,203954,joel,embiid,[PHI] Embiid Rebound (Off:3 Def:4)
00:08.6,107-105,IND,101139,cj,miles,[IND] Miles Foul: Personal (1 PF) (2 FTA) (J Capers)
00:08.6,108-105,PHI,203954,joel,embiid,[PHI 108-105] Embiid Free Throw 1 of 2 (24 PTS)
00:08.6,108-105,PHI,200771,sergio,rodriguez,[PHI] Rodriguez Substitution replaced by McConnell
00:08.6,109-105,PHI,203954,joel,embiid,[PHI 109-105] Embiid Free Throw 2 of 2 (25 PTS)
00:08.6,109-105,IND,,,,[IND] Team Timeout : Short
00:06.9,109-105,IND,202331,paul,george,[IND] George 3pt Shot: Missed
00:04.9,109-105,IND,201152,thaddeus,young,[IND] Young Rebound (Off:1 Def:8)
00:01.9,109-105,IND,201952,jeff,teague,[IND] Teague 3pt Shot: Missed
00:00.0,109-105,PHI,,,,[PHI] Team Rebound
End of OT Quarter
***End of scrape***